#usda 1.0
(
    defaultPrim = "montessori_box_MontessoriDrawerHandle"
    metersPerUnit = 1
    upAxis = "Z"
)

def Mesh "montessori_box_MontessoriDrawerHandle"
{
    int[] faceVertexCounts = [3, 3, 3, 3, 3, 3, 3, 3, 3, 3, 3, 3, 3, 3, 3, 3, 3, 3, 3, 3, 3, 3, 3, 3, 3, 3, 3, 3, 3, 3, 3, 3, 3, 3, 3, 3, 3, 3, 3, 3, 3, 3, 3, 3, 3, 3, 3, 3, 3, 3, 3, 3, 3, 3, 3, 3, 3, 3, 3, 3, 3, 3, 3, 3, 3, 3, 3, 3, 3, 3, 3, 3, 3, 3, 3, 3, 3, 3, 3, 3, 3, 3, 3, 3, 3, 3, 3, 3, 3, 3, 3, 3, 3, 3, 3, 3, 3, 3, 3, 3, 3, 3, 3, 3, 3, 3, 3, 3, 3, 3, 3, 3, 3, 3, 3, 3, 3, 3, 3, 3, 3, 3, 3, 3, 3, 3, 3, 3, 3, 3, 3, 3, 3, 3, 3, 3, 3, 3, 3, 3, 3, 3, 3, 3, 3, 3, 3, 3, 3, 3, 3, 3, 3, 3, 3, 3, 3, 3, 3, 3, 3, 3, 3, 3, 3, 3, 3, 3, 3, 3, 3, 3, 3, 3, 3, 3, 3, 3, 3, 3, 3, 3, 3, 3, 3, 3, 3, 3, 3, 3, 3, 3, 3, 3, 3, 3, 3, 3, 3, 3, 3, 3, 3, 3, 3, 3, 3, 3, 3, 3, 3, 3, 3, 3, 3, 3, 3, 3, 3, 3, 3, 3, 3, 3, 3, 3, 3, 3, 3, 3, 3, 3, 3, 3, 3, 3, 3, 3, 3, 3, 3, 3, 3, 3, 3, 3, 3, 3, 3, 3, 3, 3, 3, 3, 3, 3, 3, 3, 3, 3, 3, 3, 3, 3, 3, 3, 3, 3, 3, 3, 3, 3, 3, 3, 3, 3, 3, 3, 3, 3, 3, 3, 3, 3, 3, 3, 3, 3, 3, 3, 3, 3, 3, 3, 3, 3, 3, 3, 3, 3, 3, 3, 3, 3, 3, 3, 3, 3, 3, 3, 3, 3, 3, 3, 3, 3, 3, 3, 3, 3, 3, 3, 3, 3, 3, 3, 3, 3, 3, 3, 3, 3, 3, 3, 3, 3, 3, 3, 3, 3, 3, 3, 3, 3, 3, 3, 3, 3, 3, 3, 3, 3, 3, 3, 3, 3, 3, 3, 3, 3, 3, 3, 3, 3, 3, 3, 3, 3, 3, 3, 3, 3, 3, 3, 3, 3, 3, 3, 3, 3, 3, 3, 3, 3, 3, 3, 3, 3, 3, 3, 3, 3, 3, 3, 3, 3, 3, 3, 3, 3, 3, 3, 3, 3, 3, 3, 3, 3, 3, 3, 3, 3, 3, 3, 3, 3, 3, 3, 3, 3, 3, 3, 3, 3, 3, 3, 3, 3, 3, 3, 3, 3, 3, 3, 3, 3, 3, 3, 3, 3, 3, 3, 3, 3, 3, 3, 3, 3, 3, 3, 3, 3, 3, 3, 3, 3, 3, 3, 3, 3, 3, 3, 3, 3, 3, 3, 3, 3, 3, 3, 3, 3, 3, 3, 3, 3, 3, 3, 3, 3, 3, 3, 3, 3, 3, 3, 3, 3, 3, 3, 3, 3, 3, 3, 3, 3, 3, 3, 3, 3, 3, 3, 3, 3, 3, 3, 3, 3, 3, 3, 3, 3, 3, 3, 3, 3, 3, 3, 3, 3, 3, 3, 3, 3, 3, 3, 3, 3, 3, 3, 3, 3, 3, 3, 3, 3, 3, 3, 3, 3, 3, 3, 3, 3, 3, 3, 3, 3, 3, 3, 3, 3, 3, 3, 3, 3, 3, 3, 3, 3, 3, 3, 3, 3, 3, 3, 3, 3, 3, 3, 3, 3, 3, 3, 3, 3, 3, 3, 3, 3, 3, 3, 3, 3, 3, 3, 3, 3, 3, 3, 3, 3, 3, 3, 3, 3, 3, 3, 3, 3, 3, 3, 3, 3, 3, 3, 3, 3, 3, 3, 3, 3, 3, 3, 3, 3, 3, 3, 3, 3, 3, 3, 3, 3, 3, 3, 3, 3, 3, 3, 3, 3, 3, 3, 3, 3, 3, 3, 3, 3, 3, 3, 3, 3, 3, 3, 3, 3, 3, 3, 3, 3, 3, 3, 3, 3, 3, 3, 3, 3, 3, 3, 3, 3, 3, 3, 3, 3, 3, 3, 3, 3, 3, 3, 3, 3, 3, 3, 3, 3, 3, 3, 3, 3, 3, 3, 3, 3, 3, 3, 3, 3, 3, 3, 3, 3, 3, 3, 3, 3, 3, 3, 3, 3, 3, 3, 3, 3, 3, 3, 3, 3, 3, 3, 3, 3, 3, 3, 3, 3, 3, 3, 3, 3, 3, 3, 3, 3, 3, 3, 3, 3, 3, 3, 3, 3, 3, 3, 3, 3, 3, 3, 3, 3, 3, 3, 3, 3, 3, 3, 3, 3, 3, 3, 3, 3, 3, 3, 3, 3, 3, 3, 3, 3, 3, 3, 3, 3, 3, 3, 3, 3, 3, 3, 3, 3, 3, 3, 3, 3, 3, 3, 3, 3, 3, 3, 3, 3, 3, 3, 3, 3, 3, 3, 3, 3, 3, 3, 3, 3, 3, 3, 3, 3, 3, 3, 3, 3, 3, 3, 3, 3, 3, 3, 3, 3, 3, 3, 3, 3, 3, 3, 3, 3, 3, 3, 3, 3, 3, 3, 3, 3, 3, 3, 3, 3, 3, 3, 3, 3, 3, 3, 3, 3, 3, 3, 3, 3, 3, 3, 3, 3, 3, 3, 3, 3, 3, 3, 3, 3, 3, 3, 3, 3, 3, 3, 3, 3, 3, 3, 3, 3, 3, 3, 3, 3, 3, 3, 3, 3, 3, 3, 3, 3, 3, 3, 3, 3, 3, 3, 3, 3, 3, 3, 3, 3, 3, 3, 3, 3, 3, 3, 3, 3, 3, 3, 3, 3, 3, 3, 3, 3, 3, 3, 3, 3, 3, 3, 3, 3, 3, 3, 3, 3, 3, 3, 3, 3, 3, 3, 3, 3, 3, 3, 3, 3, 3, 3, 3, 3, 3, 3, 3, 3, 3, 3, 3, 3, 3, 3, 3, 3, 3, 3, 3, 3, 3, 3, 3, 3, 3, 3, 3, 3, 3, 3, 3, 3, 3, 3, 3, 3, 3, 3, 3, 3, 3, 3, 3, 3, 3, 3, 3, 3, 3, 3, 3, 3, 3, 3, 3, 3, 3, 3, 3, 3, 3, 3, 3, 3, 3, 3, 3, 3, 3, 3, 3, 3, 3, 3, 3, 3, 3, 3, 3, 3, 3, 3, 3, 3, 3, 3, 3, 3, 3, 3, 3, 3, 3, 3, 3, 3, 3, 3, 3, 3, 3, 3, 3, 3, 3, 3, 3, 3, 3, 3, 3, 3, 3, 3, 3, 3, 3, 3, 3, 3, 3, 3, 3, 3, 3, 3, 3, 3, 3, 3, 3, 3, 3, 3, 3, 3, 3, 3, 3, 3, 3, 3, 3, 3, 3, 3, 3, 3]
    int[] faceVertexIndices = [0, 1, 2, 0, 2, 3, 4, 5, 6, 4, 6, 7, 8, 0, 3, 8, 3, 9, 10, 4, 7, 10, 7, 11, 12, 8, 9, 12, 9, 13, 14, 10, 11, 14, 11, 15, 16, 17, 18, 19, 12, 13, 20, 14, 15, 20, 15, 21, 22, 16, 18, 22, 18, 23, 24, 20, 21, 24, 21, 25, 26, 22, 23, 26, 23, 27, 28, 24, 25, 28, 25, 29, 30, 26, 27, 30, 27, 31, 1, 28, 29, 1, 29, 2, 5, 30, 31, 5, 31, 6, 2, 29, 32, 2, 32, 33, 6, 31, 34, 6, 34, 35, 3, 2, 33, 3, 33, 36, 7, 6, 35, 7, 35, 37, 9, 3, 36, 9, 36, 38, 11, 7, 37, 11, 37, 39, 13, 9, 38, 13, 38, 40, 15, 11, 39, 15, 39, 41, 18, 17, 42, 19, 13, 40, 21, 15, 41, 21, 41, 43, 23, 18, 42, 23, 42, 44, 25, 21, 43, 25, 43, 45, 27, 23, 44, 27, 44, 46, 29, 25, 45, 29, 45, 32, 31, 27, 46, 31, 46, 34, 42, 17, 47, 19, 40, 48, 43, 41, 49, 43, 49, 50, 44, 42, 47, 44, 47, 51, 45, 43, 50, 45, 50, 52, 46, 44, 51, 46, 51, 53, 32, 45, 52, 32, 52, 54, 34, 46, 53, 34, 53, 55, 33, 32, 54, 33, 54, 56, 35, 34, 55, 35, 55, 57, 36, 33, 56, 36, 56, 58, 37, 35, 57, 37, 57, 59, 38, 36, 58, 38, 58, 60, 39, 37, 59, 39, 59, 61, 40, 38, 60, 40, 60, 48, 41, 39, 61, 41, 61, 49, 57, 55, 62, 57, 62, 63, 58, 56, 64, 58, 64, 65, 59, 57, 63, 59, 63, 66, 60, 58, 65, 60, 65, 67, 61, 59, 66, 61, 66, 68, 48, 60, 67, 48, 67, 69, 49, 61, 68, 49, 68, 70, 47, 17, 71, 19, 48, 69, 50, 49, 70, 50, 70, 72, 51, 47, 71, 51, 71, 73, 52, 50, 72, 52, 72, 74, 53, 51, 73, 53, 73, 75, 54, 52, 74, 54, 74, 76, 55, 53, 75, 55, 75, 62, 56, 54, 76, 56, 76, 64, 72, 70, 77, 72, 77, 78, 73, 71, 79, 73, 79, 80, 74, 72, 78, 74, 78, 81, 75, 73, 80, 75, 80, 82, 76, 74, 81, 76, 81, 83, 62, 75, 82, 62, 82, 84, 64, 76, 83, 64, 83, 85, 63, 62, 84, 63, 84, 86, 65, 64, 85, 65, 85, 87, 66, 63, 86, 66, 86, 88, 67, 65, 87, 67, 87, 89, 68, 66, 88, 68, 88, 90, 69, 67, 89, 69, 89, 91, 70, 68, 90, 70, 90, 77, 71, 17, 79, 19, 69, 91, 87, 85, 92, 87, 92, 93, 88, 86, 94, 88, 94, 95, 89, 87, 93, 89, 93, 96, 90, 88, 95, 90, 95, 97, 91, 89, 96, 91, 96, 98, 77, 90, 97, 77, 97, 99, 79, 17, 100, 19, 91, 98, 78, 77, 99, 78, 99, 101, 80, 79, 100, 80, 100, 102, 81, 78, 101, 81, 101, 103, 82, 80, 102, 82, 102, 104, 83, 81, 103, 83, 103, 105, 84, 82, 104, 84, 104, 106, 85, 83, 105, 85, 105, 92, 86, 84, 106, 86, 106, 94, 103, 101, 107, 103, 107, 108, 104, 102, 109, 104, 109, 110, 105, 103, 108, 105, 108, 111, 106, 104, 110, 106, 110, 112, 92, 105, 111, 92, 111, 113, 94, 106, 112, 94, 112, 114, 93, 92, 113, 93, 113, 115, 95, 94, 114, 95, 114, 116, 96, 93, 115, 96, 115, 117, 97, 95, 116, 97, 116, 118, 98, 96, 117, 98, 117, 119, 99, 97, 118, 99, 118, 120, 100, 17, 121, 19, 98, 119, 101, 99, 120, 101, 120, 107, 102, 100, 121, 102, 121, 109, 117, 115, 122, 117, 122, 123, 118, 116, 124, 118, 124, 125, 119, 117, 123, 119, 123, 126, 120, 118, 125, 120, 125, 127, 121, 17, 128, 19, 119, 126, 107, 120, 127, 107, 127, 129, 109, 121, 128, 109, 128, 130, 108, 107, 129, 108, 129, 131, 110, 109, 130, 110, 130, 132, 111, 108, 131, 111, 131, 133, 112, 110, 132, 112, 132, 134, 113, 111, 133, 113, 133, 135, 114, 112, 134, 114, 134, 136, 115, 113, 135, 115, 135, 122, 116, 114, 136, 116, 136, 124, 132, 130, 137, 132, 137, 138, 133, 131, 139, 133, 139, 140, 134, 132, 138, 134, 138, 141, 135, 133, 140, 135, 140, 142, 136, 134, 141, 136, 141, 143, 122, 135, 142, 122, 142, 144, 124, 136, 143, 124, 143, 145, 123, 122, 144, 123, 144, 146, 125, 124, 145, 125, 145, 147, 126, 123, 146, 126, 146, 148, 127, 125, 147, 127, 147, 149, 128, 17, 150, 19, 126, 148, 129, 127, 149, 129, 149, 151, 130, 128, 150, 130, 150, 137, 131, 129, 151, 131, 151, 139, 147, 145, 152, 147, 152, 153, 148, 146, 154, 148, 154, 155, 149, 147, 153, 149, 153, 156, 150, 17, 157, 19, 148, 155, 151, 149, 156, 151, 156, 158, 137, 150, 157, 137, 157, 159, 139, 151, 158, 139, 158, 160, 138, 137, 159, 138, 159, 161, 140, 139, 160, 140, 160, 162, 141, 138, 161, 141, 161, 163, 142, 140, 162, 142, 162, 164, 143, 141, 163, 143, 163, 165, 144, 142, 164, 144, 164, 166, 145, 143, 165, 145, 165, 152, 146, 144, 166, 146, 166, 154, 162, 160, 167, 162, 167, 168, 163, 161, 169, 163, 169, 170, 164, 162, 168, 164, 168, 171, 165, 163, 170, 165, 170, 172, 166, 164, 171, 166, 171, 173, 152, 165, 172, 152, 172, 174, 154, 166, 173, 154, 173, 175, 153, 152, 174, 153, 174, 176, 155, 154, 175, 155, 175, 177, 156, 153, 176, 156, 176, 178, 157, 17, 179, 19, 155, 177, 158, 156, 178, 158, 178, 180, 159, 157, 179, 159, 179, 181, 160, 158, 180, 160, 180, 167, 161, 159, 181, 161, 181, 169, 177, 175, 182, 177, 182, 183, 178, 176, 184, 178, 184, 185, 179, 17, 186, 19, 177, 183, 180, 178, 185, 180, 185, 187, 181, 179, 186, 181, 186, 188, 167, 180, 187, 167, 187, 189, 169, 181, 188, 169, 188, 190, 168, 167, 189, 168, 189, 191, 170, 169, 190, 170, 190, 192, 171, 168, 191, 171, 191, 193, 172, 170, 192, 172, 192, 194, 173, 171, 193, 173, 193, 195, 174, 172, 194, 174, 194, 196, 175, 173, 195, 175, 195, 182, 176, 174, 196, 176, 196, 184, 192, 190, 197, 192, 197, 198, 193, 191, 199, 193, 199, 200, 194, 192, 198, 194, 198, 201, 195, 193, 200, 195, 200, 202, 196, 194, 201, 196, 201, 203, 182, 195, 202, 182, 202, 204, 184, 196, 203, 184, 203, 205, 183, 182, 204, 183, 204, 206, 185, 184, 205, 185, 205, 207, 186, 17, 208, 19, 183, 206, 187, 185, 207, 187, 207, 209, 188, 186, 208, 188, 208, 210, 189, 187, 209, 189, 209, 211, 190, 188, 210, 190, 210, 197, 191, 189, 211, 191, 211, 199, 207, 205, 212, 207, 212, 213, 208, 17, 214, 19, 206, 215, 209, 207, 213, 209, 213, 216, 210, 208, 214, 210, 214, 217, 211, 209, 216, 211, 216, 218, 197, 210, 217, 197, 217, 219, 199, 211, 218, 199, 218, 220, 198, 197, 219, 198, 219, 221, 200, 199, 220, 200, 220, 222, 201, 198, 221, 201, 221, 223, 202, 200, 222, 202, 222, 224, 203, 201, 223, 203, 223, 225, 204, 202, 224, 204, 224, 226, 205, 203, 225, 205, 225, 212, 206, 204, 226, 206, 226, 215, 222, 220, 227, 222, 227, 228, 223, 221, 229, 223, 229, 230, 224, 222, 228, 224, 228, 231, 225, 223, 230, 225, 230, 232, 226, 224, 231, 226, 231, 233, 212, 225, 232, 212, 232, 234, 215, 226, 233, 215, 233, 235, 213, 212, 234, 213, 234, 236, 214, 17, 237, 19, 215, 235, 216, 213, 236, 216, 236, 238, 217, 214, 237, 217, 237, 239, 218, 216, 238, 218, 238, 240, 219, 217, 239, 219, 239, 241, 220, 218, 240, 220, 240, 227, 221, 219, 241, 221, 241, 229, 19, 235, 242, 238, 236, 243, 238, 243, 244, 239, 237, 245, 239, 245, 246, 240, 238, 244, 240, 244, 247, 241, 239, 246, 241, 246, 248, 227, 240, 247, 227, 247, 249, 229, 241, 248, 229, 248, 250, 228, 227, 249, 228, 249, 251, 230, 229, 250, 230, 250, 252, 231, 228, 251, 231, 251, 253, 232, 230, 252, 232, 252, 254, 233, 231, 253, 233, 253, 255, 234, 232, 254, 234, 254, 256, 235, 233, 255, 235, 255, 242, 236, 234, 256, 236, 256, 243, 237, 17, 245, 253, 251, 257, 253, 257, 258, 254, 252, 259, 254, 259, 260, 255, 253, 258, 255, 258, 261, 256, 254, 260, 256, 260, 262, 242, 255, 261, 242, 261, 263, 243, 256, 262, 243, 262, 264, 245, 17, 265, 19, 242, 263, 244, 243, 264, 244, 264, 266, 246, 245, 265, 246, 265, 267, 247, 244, 266, 247, 266, 268, 248, 246, 267, 248, 267, 269, 249, 247, 268, 249, 268, 270, 250, 248, 269, 250, 269, 271, 251, 249, 270, 251, 270, 257, 252, 250, 271, 252, 271, 259, 267, 265, 272, 267, 272, 273, 268, 266, 274, 268, 274, 275, 269, 267, 273, 269, 273, 276, 270, 268, 275, 270, 275, 277, 271, 269, 276, 271, 276, 278, 257, 270, 277, 257, 277, 279, 259, 271, 278, 259, 278, 280, 258, 257, 279, 258, 279, 281, 260, 259, 280, 260, 280, 282, 261, 258, 281, 261, 281, 283, 262, 260, 282, 262, 282, 284, 263, 261, 283, 263, 283, 285, 264, 262, 284, 264, 284, 286, 265, 17, 272, 19, 263, 285, 266, 264, 286, 266, 286, 274, 282, 280, 287, 282, 287, 288, 283, 281, 289, 283, 289, 290, 284, 282, 288, 284, 288, 291, 285, 283, 290, 285, 290, 292, 286, 284, 291, 286, 291, 293, 272, 17, 294, 19, 285, 292, 274, 286, 293, 274, 293, 295, 273, 272, 294, 273, 294, 296, 275, 274, 295, 275, 295, 297, 276, 273, 296, 276, 296, 298, 277, 275, 297, 277, 297, 299, 278, 276, 298, 278, 298, 300, 279, 277, 299, 279, 299, 301, 280, 278, 300, 280, 300, 287, 281, 279, 301, 281, 301, 289, 297, 295, 302, 297, 302, 303, 298, 296, 304, 298, 304, 305, 299, 297, 303, 299, 303, 306, 300, 298, 305, 300, 305, 307, 301, 299, 306, 301, 306, 308, 287, 300, 307, 287, 307, 309, 289, 301, 308, 289, 308, 310, 288, 287, 309, 288, 309, 311, 290, 289, 310, 290, 310, 312, 291, 288, 311, 291, 311, 313, 292, 290, 312, 292, 312, 314, 293, 291, 313, 293, 313, 315, 294, 17, 316, 19, 292, 314, 295, 293, 315, 295, 315, 302, 296, 294, 316, 296, 316, 304, 312, 310, 317, 312, 317, 318, 313, 311, 319, 313, 319, 320, 314, 312, 318, 314, 318, 321, 315, 313, 320, 315, 320, 322, 316, 17, 323, 19, 314, 321, 302, 315, 322, 302, 322, 324, 304, 316, 323, 304, 323, 325, 303, 302, 324, 303, 324, 326, 305, 304, 325, 305, 325, 327, 306, 303, 326, 306, 326, 328, 307, 305, 327, 307, 327, 329, 308, 306, 328, 308, 328, 330, 309, 307, 329, 309, 329, 331, 310, 308, 330, 310, 330, 317, 311, 309, 331, 311, 331, 319, 327, 325, 332, 327, 332, 333, 328, 326, 334, 328, 334, 335, 329, 327, 333, 329, 333, 336, 330, 328, 335, 330, 335, 337, 331, 329, 336, 331, 336, 338, 317, 330, 337, 317, 337, 339, 319, 331, 338, 319, 338, 340, 318, 317, 339, 318, 339, 341, 320, 319, 340, 320, 340, 342, 321, 318, 341, 321, 341, 343, 322, 320, 342, 322, 342, 344, 323, 17, 345, 19, 321, 343, 324, 322, 344, 324, 344, 346, 325, 323, 345, 325, 345, 332, 326, 324, 346, 326, 346, 334, 342, 340, 347, 342, 347, 348, 343, 341, 349, 343, 349, 350, 344, 342, 348, 344, 348, 351, 345, 17, 352, 19, 343, 350, 346, 344, 351, 346, 351, 353, 332, 345, 352, 332, 352, 354, 334, 346, 353, 334, 353, 355, 333, 332, 354, 333, 354, 356, 335, 334, 355, 335, 355, 357, 336, 333, 356, 336, 356, 358, 337, 335, 357, 337, 357, 359, 338, 336, 358, 338, 358, 360, 339, 337, 359, 339, 359, 361, 340, 338, 360, 340, 360, 347, 341, 339, 361, 341, 361, 349, 357, 355, 362, 357, 362, 363, 358, 356, 364, 358, 364, 365, 359, 357, 363, 359, 363, 366, 360, 358, 365, 360, 365, 367, 361, 359, 366, 361, 366, 368, 347, 360, 367, 347, 367, 369, 349, 361, 368, 349, 368, 370, 348, 347, 369, 348, 369, 371, 350, 349, 370, 350, 370, 372, 351, 348, 371, 351, 371, 373, 352, 17, 374, 19, 350, 372, 353, 351, 373, 353, 373, 375, 354, 352, 374, 354, 374, 376, 355, 353, 375, 355, 375, 362, 356, 354, 376, 356, 376, 364, 372, 370, 377, 372, 377, 378, 373, 371, 379, 373, 379, 380, 374, 17, 381, 19, 372, 378, 375, 373, 380, 375, 380, 382, 376, 374, 381, 376, 381, 383, 362, 375, 382, 362, 382, 384, 364, 376, 383, 364, 383, 385, 363, 362, 384, 363, 384, 386, 365, 364, 385, 365, 385, 387, 366, 363, 386, 366, 386, 388, 367, 365, 387, 367, 387, 389, 368, 366, 388, 368, 388, 390, 369, 367, 389, 369, 389, 391, 370, 368, 390, 370, 390, 377, 371, 369, 391, 371, 391, 379, 388, 386, 392, 388, 392, 393, 389, 387, 394, 389, 394, 395, 390, 388, 393, 390, 393, 396, 391, 389, 395, 391, 395, 397, 377, 390, 396, 377, 396, 398, 379, 391, 397, 379, 397, 399, 378, 377, 398, 378, 398, 400, 380, 379, 399, 380, 399, 401, 381, 17, 402, 19, 378, 400, 382, 380, 401, 382, 401, 403, 383, 381, 402, 383, 402, 404, 384, 382, 403, 384, 403, 405, 385, 383, 404, 385, 404, 406, 386, 384, 405, 386, 405, 392, 387, 385, 406, 387, 406, 394, 402, 17, 407, 19, 400, 408, 403, 401, 409, 403, 409, 410, 404, 402, 407, 404, 407, 411, 405, 403, 410, 405, 410, 412, 406, 404, 411, 406, 411, 413, 392, 405, 412, 392, 412, 414, 394, 406, 413, 394, 413, 415, 393, 392, 414, 393, 414, 416, 395, 394, 415, 395, 415, 417, 396, 393, 416, 396, 416, 418, 397, 395, 417, 397, 417, 419, 398, 396, 418, 398, 418, 420, 399, 397, 419, 399, 419, 421, 400, 398, 420, 400, 420, 408, 401, 399, 421, 401, 421, 409, 417, 415, 422, 417, 422, 423, 418, 416, 424, 418, 424, 425, 419, 417, 423, 419, 423, 426, 420, 418, 425, 420, 425, 427, 421, 419, 426, 421, 426, 428, 408, 420, 427, 408, 427, 429, 409, 421, 428, 409, 428, 430, 407, 17, 431, 19, 408, 429, 410, 409, 430, 410, 430, 432, 411, 407, 431, 411, 431, 433, 412, 410, 432, 412, 432, 434, 413, 411, 433, 413, 433, 435, 414, 412, 434, 414, 434, 436, 415, 413, 435, 415, 435, 422, 416, 414, 436, 416, 436, 424, 432, 430, 437, 432, 437, 438, 433, 431, 439, 433, 439, 440, 434, 432, 438, 434, 438, 441, 435, 433, 440, 435, 440, 442, 436, 434, 441, 436, 441, 443, 422, 435, 442, 422, 442, 444, 424, 436, 443, 424, 443, 445, 423, 422, 444, 423, 444, 446, 425, 424, 445, 425, 445, 447, 426, 423, 446, 426, 446, 448, 427, 425, 447, 427, 447, 449, 428, 426, 448, 428, 448, 450, 429, 427, 449, 429, 449, 451, 430, 428, 450, 430, 450, 437, 431, 17, 439, 19, 429, 451, 447, 445, 452, 447, 452, 453, 448, 446, 454, 448, 454, 455, 449, 447, 453, 449, 453, 456, 450, 448, 455, 450, 455, 457, 451, 449, 456, 451, 456, 458, 437, 450, 457, 437, 457, 459, 439, 17, 460, 19, 451, 458, 438, 437, 459, 438, 459, 461, 440, 439, 460, 440, 460, 462, 441, 438, 461, 441, 461, 463, 442, 440, 462, 442, 462, 464, 443, 441, 463, 443, 463, 465, 444, 442, 464, 444, 464, 466, 445, 443, 465, 445, 465, 452, 446, 444, 466, 446, 466, 454, 462, 460, 467, 462, 467, 468, 463, 461, 469, 463, 469, 470, 464, 462, 468, 464, 468, 471, 465, 463, 470, 465, 470, 472, 466, 464, 471, 466, 471, 473, 452, 465, 472, 452, 472, 474, 454, 466, 473, 454, 473, 475, 453, 452, 474, 453, 474, 476, 455, 454, 475, 455, 475, 477, 456, 453, 476, 456, 476, 478, 457, 455, 477, 457, 477, 479, 458, 456, 478, 458, 478, 480, 459, 457, 479, 459, 479, 481, 460, 17, 467, 19, 458, 480, 461, 459, 481, 461, 481, 469, 477, 475, 5, 477, 5, 4, 478, 476, 0, 478, 0, 8, 479, 477, 4, 479, 4, 10, 480, 478, 8, 480, 8, 12, 481, 479, 10, 481, 10, 14, 467, 17, 16, 19, 480, 12, 469, 481, 14, 469, 14, 20, 468, 467, 16, 468, 16, 22, 470, 469, 20, 470, 20, 24, 471, 468, 22, 471, 22, 26, 472, 470, 24, 472, 24, 28, 473, 471, 26, 473, 26, 30, 474, 472, 28, 474, 28, 1, 475, 473, 30, 475, 30, 5, 476, 474, 1, 476, 1, 0, 482, 483, 484, 482, 484, 485, 485, 484, 486, 485, 486, 487, 487, 486, 488, 487, 488, 489, 489, 488, 490, 489, 490, 491, 491, 490, 492, 491, 492, 493, 493, 492, 494, 493, 494, 495, 495, 494, 496, 495, 496, 497, 497, 496, 498, 497, 498, 499, 499, 498, 500, 499, 500, 501, 501, 500, 502, 501, 502, 503, 503, 502, 504, 503, 504, 505, 505, 504, 506, 505, 506, 507, 507, 506, 508, 507, 508, 509, 509, 508, 510, 509, 510, 511, 511, 510, 512, 511, 512, 513, 513, 512, 514, 513, 514, 515, 515, 514, 516, 515, 516, 517, 517, 516, 518, 517, 518, 519, 519, 518, 520, 519, 520, 521, 521, 520, 522, 521, 522, 523, 523, 522, 524, 523, 524, 525, 525, 524, 526, 525, 526, 527, 527, 526, 528, 527, 528, 529, 529, 528, 530, 529, 530, 531, 531, 530, 532, 531, 532, 533, 533, 532, 534, 533, 534, 535, 535, 534, 536, 535, 536, 537, 537, 536, 538, 537, 538, 539, 539, 538, 540, 539, 540, 541, 541, 540, 542, 541, 542, 543, 486, 484, 483, 483, 544, 542, 542, 540, 538, 538, 536, 534, 534, 532, 530, 530, 528, 526, 526, 524, 522, 522, 520, 518, 518, 516, 514, 514, 512, 510, 510, 508, 506, 506, 504, 502, 502, 500, 498, 498, 496, 494, 494, 492, 490, 490, 488, 486, 486, 483, 542, 542, 538, 534, 534, 530, 526, 526, 522, 518, 518, 514, 510, 510, 506, 502, 502, 498, 494, 494, 490, 486, 486, 542, 534, 534, 526, 518, 518, 510, 502, 502, 494, 486, 486, 534, 518, 518, 502, 486, 543, 542, 544, 543, 544, 545, 545, 544, 483, 545, 483, 482, 545, 482, 485, 485, 487, 489, 489, 491, 493, 493, 495, 497, 497, 499, 501, 501, 503, 505, 505, 507, 509, 509, 511, 513, 513, 515, 517, 517, 519, 521, 521, 523, 525, 525, 527, 529, 529, 531, 533, 533, 535, 537, 537, 539, 541, 541, 543, 545, 545, 485, 489, 489, 493, 497, 497, 501, 505, 505, 509, 513, 513, 517, 521, 521, 525, 529, 529, 533, 537, 537, 541, 545, 545, 489, 497, 497, 505, 513, 513, 521, 529, 529, 537, 545, 545, 497, 513, 513, 529, 545]
    normal3f[] normals = [(0.5634934, -0.8259652, 0.016022371), (0.7115833, -0.7024696, 0.013628366), (0.67550486, -0.6812141, 0.2822065), (0.5634934, -0.8259652, 0.016022371), (0.67550486, -0.6812141, 0.2822065), (0.5400298, -0.8093692, 0.23084523), (0.9248729, 0.38020495, -0.0073789335), (0.8338071, 0.55195194, -0.010710705), (0.79002464, 0.5325347, 0.3037566), (0.9248729, 0.38020495, -0.0073789335), (0.79002464, 0.5325347, 0.3037566), (0.8680428, 0.36354566, 0.33813637), (0.39695078, -0.9176672, 0.017801663), (0.5634934, -0.8259652, 0.016022371), (0.5400298, -0.8093692, 0.23084523), (0.39695078, -0.9176672, 0.017801663), (0.5400298, -0.8093692, 0.23084523), (0.38338488, -0.9077193, 0.17047495), (0.9810276, 0.19383158, -0.0037650226), (0.9248729, 0.38020495, -0.0073789335), (0.8680428, 0.36354566, 0.33813637), (0.9810276, 0.19383158, -0.0037650226), (0.8680428, 0.36354566, 0.33813637), (0.91452533, 0.18416148, 0.36017796), (0.22671546, -0.97377783, 0.018891064), (0.39695078, -0.9176672, 0.017801663), (0.38338488, -0.9077193, 0.17047495), (0.22671546, -0.97377783, 0.018891064), (0.38338488, -0.9077193, 0.17047495), (0.21960488, -0.9697533, 0.106546484), (1, 5.5048383e-7, -0.000004652972), (0.9810276, 0.19383158, -0.0037650226), (0.91452533, 0.18416148, 0.36017796), (1, 5.5048383e-7, -0.000004652972), (0.91452533, 0.18416148, 0.36017796), (0.9291719, -4.339215e-8, 0.36964783), (0.2267154, 0.97377783, -0.01889295), (-3.306464e-10, 1, -9.801606e-9), (0.22382185, 0.9721267, 0.06981078), (-4.0938405e-10, -1, -9.801606e-9), (0.22671546, -0.97377783, 0.018891064), (0.21960488, -0.9697533, 0.106546484), (0.98102754, -0.19383195, 0.0037588743), (1, 5.5048383e-7, -0.000004652972), (0.9291719, -4.339215e-8, 0.36964783), (0.98102754, -0.19383195, 0.0037588743), (0.9291719, -4.339215e-8, 0.36964783), (0.9120864, -0.18381077, 0.36648604), (0.3969504, 0.9176674, -0.017805887), (0.2267154, 0.97377783, -0.01889295), (0.22382185, 0.9721267, 0.06981078), (0.3969504, 0.9176674, -0.017805887), (0.22382185, 0.9721267, 0.06981078), (0.38836506, 0.91134393, 0.13647296), (0.9248728, -0.38020507, 0.0073741386), (0.98102754, -0.19383195, 0.0037588743), (0.9120864, -0.18381077, 0.36648604), (0.9248728, -0.38020507, 0.0073741386), (0.9120864, -0.18381077, 0.36648604), (0.86358076, -0.36225036, 0.35071802), (0.563493, 0.82596534, -0.016026935), (0.3969504, 0.9176674, -0.017805887), (0.38836506, 0.91134393, 0.13647296), (0.563493, 0.82596534, -0.016026935), (0.38836506, 0.91134393, 0.13647296), (0.5458162, 0.81342757, 0.20104857), (0.83380747, -0.5519516, 0.010705655), (0.9248728, -0.38020507, 0.0073741386), (0.86358076, -0.36225036, 0.35071802), (0.83380747, -0.5519516, 0.010705655), (0.86358076, -0.36225036, 0.35071802), (0.78427565, -0.53001225, 0.32248855), (0.71158427, 0.70246863, -0.013630187), (0.563493, 0.82596534, -0.016026935), (0.5458162, 0.81342757, 0.20104857), (0.71158427, 0.70246863, -0.013630187), (0.5458162, 0.81342757, 0.20104857), (0.681661, 0.6848084, 0.2576349), (0.7115833, -0.7024696, 0.013628366), (0.83380747, -0.5519516, 0.010705655), (0.78427565, -0.53001225, 0.32248855), (0.7115833, -0.7024696, 0.013628366), (0.78427565, -0.53001225, 0.32248855), (0.67550486, -0.6812141, 0.2822065), (0.8338071, 0.55195194, -0.010710705), (0.71158427, 0.70246863, -0.013630187), (0.681661, 0.6848084, 0.2576349), (0.8338071, 0.55195194, -0.010710705), (0.681661, 0.6848084, 0.2576349), (0.79002464, 0.5325347, 0.3037566), (0.67550486, -0.6812141, 0.2822065), (0.78427565, -0.53001225, 0.32248855), (0.670004, -0.48134312, 0.56515795), (0.67550486, -0.6812141, 0.2822065), (0.670004, -0.48134312, 0.56515795), (0.5897692, -0.6326939, 0.50186735), (0.79002464, 0.5325347, 0.3037566), (0.681661, 0.6848084, 0.2576349), (0.59948987, 0.63804036, 0.48323536), (0.79002464, 0.5325347, 0.3037566), (0.59948987, 0.63804036, 0.48323536), (0.6784822, 0.48484766, 0.5518919), (0.5400298, -0.8093692, 0.23084523), (0.67550486, -0.6812141, 0.2822065), (0.5897692, -0.6326939, 0.50186735), (0.5400298, -0.8093692, 0.23084523), (0.5897692, -0.6326939, 0.50186735), (0.48280188, -0.7705347, 0.41614738), (0.8680428, 0.36354566, 0.33813637), (0.79002464, 0.5325347, 0.3037566), (0.6784822, 0.48484766, 0.5518919), (0.8680428, 0.36354566, 0.33813637), (0.6784822, 0.48484766, 0.5518919), (0.731613, 0.3250014, 0.5992633), (0.38338488, -0.9077193, 0.17047495), (0.5400298, -0.8093692, 0.23084523), (0.48280188, -0.7705347, 0.41614738), (0.38338488, -0.9077193, 0.17047495), (0.48280188, -0.7705347, 0.41614738), (0.35014972, -0.8843831, 0.30864534), (0.91452533, 0.18416148, 0.36017796), (0.8680428, 0.36354566, 0.33813637), (0.731613, 0.3250014, 0.5992633), (0.91452533, 0.18416148, 0.36017796), (0.731613, 0.3250014, 0.5992633), (0.7614885, 0.16272187, 0.6274207), (0.21960488, -0.9697533, 0.106546484), (0.38338488, -0.9077193, 0.17047495), (0.35014972, -0.8843831, 0.30864534), (0.21960488, -0.9697533, 0.106546484), (0.35014972, -0.8843831, 0.30864534), (0.20311038, -0.960852, 0.18843973), (0.9291719, -4.339215e-8, 0.36964783), (0.91452533, 0.18416148, 0.36017796), (0.7614885, 0.16272187, 0.6274207), (0.9291719, -4.339215e-8, 0.36964783), (0.7614885, 0.16272187, 0.6274207), (0.77007604, -1.2007135e-7, 0.6379522), (0.22382185, 0.9721267, 0.06981078), (-3.306464e-10, 1, -9.801606e-9), (0.2111804, 0.9651305, 0.15468019), (-4.0938405e-10, -1, -9.801606e-9), (0.21960488, -0.9697533, 0.106546484), (0.20311038, -0.960852, 0.18843973), (0.9120864, -0.18381077, 0.36648604), (0.9291719, -4.339215e-8, 0.36964783), (0.77007604, -1.2007135e-7, 0.6379522), (0.9120864, -0.18381077, 0.36648604), (0.77007604, -1.2007135e-7, 0.6379522), (0.75819254, -0.16227481, 0.63151497), (0.38836506, 0.91134393, 0.13647296), (0.22382185, 0.9721267, 0.06981078), (0.2111804, 0.9651305, 0.15468019), (0.38836506, 0.91134393, 0.13647296), (0.2111804, 0.9651305, 0.15468019), (0.35922545, 0.89060515, 0.27888995), (0.86358076, -0.36225036, 0.35071802), (0.9120864, -0.18381077, 0.36648604), (0.75819254, -0.16227481, 0.63151497), (0.86358076, -0.36225036, 0.35071802), (0.75819254, -0.16227481, 0.63151497), (0.7253748, -0.3232965, 0.6077095), (0.5458162, 0.81342757, 0.20104857), (0.38836506, 0.91134393, 0.13647296), (0.35922545, 0.89060515, 0.27888995), (0.5458162, 0.81342757, 0.20104857), (0.35922545, 0.89060515, 0.27888995), (0.49264634, 0.77703863, 0.39180446), (0.78427565, -0.53001225, 0.32248855), (0.86358076, -0.36225036, 0.35071802), (0.7253748, -0.3232965, 0.6077095), (0.78427565, -0.53001225, 0.32248855), (0.7253748, -0.3232965, 0.6077095), (0.670004, -0.48134312, 0.56515795), (0.681661, 0.6848084, 0.2576349), (0.5458162, 0.81342757, 0.20104857), (0.49264634, 0.77703863, 0.39180446), (0.681661, 0.6848084, 0.2576349), (0.49264634, 0.77703863, 0.39180446), (0.59948987, 0.63804036, 0.48323536), (0.2111804, 0.9651305, 0.15468019), (-3.306464e-10, 1, -9.801606e-9), (0.1898485, 0.95414484, 0.23144192), (-4.0938405e-10, -1, -9.801606e-9), (0.20311038, -0.960852, 0.18843973), (0.17854938, -0.9487533, 0.2607437), (0.75819254, -0.16227481, 0.63151497), (0.77007604, -1.2007135e-7, 0.6379522), (0.5991298, -1.9641857e-9, 0.8006519), (0.75819254, -0.16227481, 0.63151497), (0.5991298, -1.9641857e-9, 0.8006519), (0.5915883, -0.14075764, 0.7938581), (0.35922545, 0.89060515, 0.27888995), (0.2111804, 0.9651305, 0.15468019), (0.1898485, 0.95414484, 0.23144192), (0.35922545, 0.89060515, 0.27888995), (0.1898485, 0.95414484, 0.23144192), (0.31430084, 0.8609715, 0.399929), (0.7253748, -0.3232965, 0.6077095), (0.75819254, -0.16227481, 0.63151497), (0.5915883, -0.14075764, 0.7938581), (0.7253748, -0.3232965, 0.6077095), (0.5915883, -0.14075764, 0.7938581), (0.57141423, -0.2832693, 0.77022356), (0.49264634, 0.77703863, 0.39180446), (0.35922545, 0.89060515, 0.27888995), (0.31430084, 0.8609715, 0.399929), (0.49264634, 0.77703863, 0.39180446), (0.31430084, 0.8609715, 0.399929), (0.41782212, 0.7296448, 0.5413346), (0.670004, -0.48134312, 0.56515795), (0.7253748, -0.3232965, 0.6077095), (0.57141423, -0.2832693, 0.77022356), (0.670004, -0.48134312, 0.56515795), (0.57141423, -0.2832693, 0.77022356), (0.5364126, -0.42889997, 0.72684693), (0.59948987, 0.63804036, 0.48323536), (0.49264634, 0.77703863, 0.39180446), (0.41782212, 0.7296448, 0.5413346), (0.59948987, 0.63804036, 0.48323536), (0.41782212, 0.7296448, 0.5413346), (0.4935754, 0.582288, 0.6460062), (0.5897692, -0.6326939, 0.50186735), (0.670004, -0.48134312, 0.56515795), (0.5364126, -0.42889997, 0.72684693), (0.5897692, -0.6326939, 0.50186735), (0.5364126, -0.42889997, 0.72684693), (0.48286062, -0.5769842, 0.6587373), (0.6784822, 0.48484766, 0.5518919), (0.59948987, 0.63804036, 0.48323536), (0.4935754, 0.582288, 0.6460062), (0.6784822, 0.48484766, 0.5518919), (0.4935754, 0.582288, 0.6460062), (0.54512393, 0.43214083, 0.7183971), (0.48280188, -0.7705347, 0.41614738), (0.5897692, -0.6326939, 0.50186735), (0.48286062, -0.5769842, 0.6587373), (0.48280188, -0.7705347, 0.41614738), (0.48286062, -0.5769842, 0.6587373), (0.40601197, -0.7226224, 0.55943835), (0.731613, 0.3250014, 0.5992633), (0.6784822, 0.48484766, 0.5518919), (0.54512393, 0.43214083, 0.7183971), (0.731613, 0.3250014, 0.5992633), (0.54512393, 0.43214083, 0.7183971), (0.5775064, 0.28476778, 0.7651104), (0.35014972, -0.8843831, 0.30864534), (0.48280188, -0.7705347, 0.41614738), (0.40601197, -0.7226224, 0.55943835), (0.35014972, -0.8843831, 0.30864534), (0.40601197, -0.7226224, 0.55943835), (0.3024246, -0.8536437, 0.42406604), (0.7614885, 0.16272187, 0.6274207), (0.731613, 0.3250014, 0.5992633), (0.5775064, 0.28476778, 0.7651104), (0.7614885, 0.16272187, 0.6274207), (0.5775064, 0.28476778, 0.7651104), (0.59471107, 0.14113864, 0.79145354), (0.20311038, -0.960852, 0.18843973), (0.35014972, -0.8843831, 0.30864534), (0.3024246, -0.8536437, 0.42406604), (0.20311038, -0.960852, 0.18843973), (0.3024246, -0.8536437, 0.42406604), (0.17854938, -0.9487533, 0.2607437), (0.77007604, -1.2007135e-7, 0.6379522), (0.7614885, 0.16272187, 0.6274207), (0.59471107, 0.14113864, 0.79145354), (0.77007604, -1.2007135e-7, 0.6379522), (0.59471107, 0.14113864, 0.79145354), (0.5991298, -1.9641857e-9, 0.8006519), (0.54512393, 0.43214083, 0.7183971), (0.4935754, 0.582288, 0.6460062), (0.38455963, 0.5317902, 0.7545284), (0.54512393, 0.43214083, 0.7183971), (0.38455963, 0.5317902, 0.7545284), (0.41652876, 0.38745025, 0.82242703), (0.40601197, -0.7226224, 0.55943835), (0.48286062, -0.5769842, 0.6587373), (0.37415785, -0.52741146, 0.76278645), (0.40601197, -0.7226224, 0.55943835), (0.37415785, -0.52741146, 0.76278645), (0.32180998, -0.6767173, 0.6621874), (0.5775064, 0.28476778, 0.7651104), (0.54512393, 0.43214083, 0.7183971), (0.41652876, 0.38745025, 0.82242703), (0.5775064, 0.28476778, 0.7651104), (0.41652876, 0.38745025, 0.82242703), (0.43552384, 0.25219378, 0.8641282), (0.3024246, -0.8536437, 0.42406604), (0.40601197, -0.7226224, 0.55943835), (0.32180998, -0.6767173, 0.6621874), (0.3024246, -0.8536437, 0.42406604), (0.32180998, -0.6767173, 0.6621874), (0.2457346, -0.82182723, 0.5140181), (0.59471107, 0.14113864, 0.79145354), (0.5775064, 0.28476778, 0.7651104), (0.43552384, 0.25219378, 0.8641282), (0.59471107, 0.14113864, 0.79145354), (0.43552384, 0.25219378, 0.8641282), (0.44511616, 0.12413631, 0.8868268), (0.17854938, -0.9487533, 0.2607437), (0.3024246, -0.8536437, 0.42406604), (0.2457346, -0.82182723, 0.5140181), (0.17854938, -0.9487533, 0.2607437), (0.2457346, -0.82182723, 0.5140181), (0.14760141, -0.93555075, 0.32087186), (0.5991298, -1.9641857e-9, 0.8006519), (0.59471107, 0.14113864, 0.79145354), (0.44511616, 0.12413631, 0.8868268), (0.5991298, -1.9641857e-9, 0.8006519), (0.44511616, 0.12413631, 0.8868268), (0.44721338, -7.905519e-9, 0.8944273), (0.1898485, 0.95414484, 0.23144192), (-3.306464e-10, 1, -9.801606e-9), (0.16139585, 0.9411486, 0.29696926), (-4.0938405e-10, -1, -9.801606e-9), (0.17854938, -0.9487533, 0.2607437), (0.14760141, -0.93555075, 0.32087186), (0.5915883, -0.14075764, 0.7938581), (0.5991298, -1.9641857e-9, 0.8006519), (0.44721338, -7.905519e-9, 0.8944273), (0.5915883, -0.14075764, 0.7938581), (0.44721338, -7.905519e-9, 0.8944273), (0.44241023, -0.12385556, 0.8882191), (0.31430084, 0.8609715, 0.399929), (0.1898485, 0.95414484, 0.23144192), (0.16139585, 0.9411486, 0.29696926), (0.31430084, 0.8609715, 0.399929), (0.16139585, 0.9411486, 0.29696926), (0.2592224, 0.8289049, 0.49570197), (0.57141423, -0.2832693, 0.77022356), (0.5915883, -0.14075764, 0.7938581), (0.44241023, -0.12385556, 0.8882191), (0.57141423, -0.2832693, 0.77022356), (0.44241023, -0.12385556, 0.8882191), (0.43013173, -0.25106588, 0.8671521), (0.41782212, 0.7296448, 0.5413346), (0.31430084, 0.8609715, 0.399929), (0.2592224, 0.8289049, 0.49570197), (0.41782212, 0.7296448, 0.5413346), (0.2592224, 0.8289049, 0.49570197), (0.33414564, 0.68295515, 0.6495529), (0.5364126, -0.42889997, 0.72684693), (0.57141423, -0.2832693, 0.77022356), (0.43013173, -0.25106588, 0.8671521), (0.5364126, -0.42889997, 0.72684693), (0.43013173, -0.25106588, 0.8671521), (0.40852624, -0.38491827, 0.8276136), (0.4935754, 0.582288, 0.6460062), (0.41782212, 0.7296448, 0.5413346), (0.33414564, 0.68295515, 0.6495529), (0.4935754, 0.582288, 0.6460062), (0.33414564, 0.68295515, 0.6495529), (0.38455963, 0.5317902, 0.7545284), (0.48286062, -0.5769842, 0.6587373), (0.5364126, -0.42889997, 0.72684693), (0.40852624, -0.38491827, 0.8276136), (0.48286062, -0.5769842, 0.6587373), (0.40852624, -0.38491827, 0.8276136), (0.37415785, -0.52741146, 0.76278645), (0.44241023, -0.12385556, 0.8882191), (0.44721338, -7.905519e-9, 0.8944273), (0.31687284, -2.339733e-8, 0.948468), (0.44241023, -0.12385556, 0.8882191), (0.31687284, -2.339733e-8, 0.948468), (0.31370875, -0.111886375, 0.94290423), (0.2592224, 0.8289049, 0.49570197), (0.16139585, 0.9411486, 0.29696926), (0.12755527, 0.9282567, 0.3493842), (0.2592224, 0.8289049, 0.49570197), (0.12755527, 0.9282567, 0.3493842), (0.19862984, 0.799683, 0.56661564), (0.43013173, -0.25106588, 0.8671521), (0.44241023, -0.12385556, 0.8882191), (0.31370875, -0.111886375, 0.94290423), (0.43013173, -0.25106588, 0.8671521), (0.31370875, -0.111886375, 0.94290423), (0.30614257, -0.22788733, 0.92430747), (0.33414564, 0.68295515, 0.6495529), (0.2592224, 0.8289049, 0.49570197), (0.19862984, 0.799683, 0.56661564), (0.33414564, 0.68295515, 0.6495529), (0.19862984, 0.799683, 0.56661564), (0.24921244, 0.64381206, 0.72346336), (0.40852624, -0.38491827, 0.8276136), (0.43013173, -0.25106588, 0.8671521), (0.30614257, -0.22788733, 0.92430747), (0.40852624, -0.38491827, 0.8276136), (0.30614257, -0.22788733, 0.92430747), (0.29285416, -0.352324, 0.88887817), (0.38455963, 0.5317902, 0.7545284), (0.33414564, 0.68295515, 0.6495529), (0.24921244, 0.64381206, 0.72346336), (0.38455963, 0.5317902, 0.7545284), (0.24921244, 0.64381206, 0.72346336), (0.2809874, 0.4922307, 0.8238659), (0.37415785, -0.52741146, 0.76278645), (0.40852624, -0.38491827, 0.8276136), (0.29285416, -0.352324, 0.88887817), (0.37415785, -0.52741146, 0.76278645), (0.29285416, -0.352324, 0.88887817), (0.27126285, -0.4890144, 0.8290244), (0.41652876, 0.38745025, 0.82242703), (0.38455963, 0.5317902, 0.7545284), (0.2809874, 0.4922307, 0.8238659), (0.41652876, 0.38745025, 0.82242703), (0.2809874, 0.4922307, 0.8238659), (0.30005425, 0.35411385, 0.88576007), (0.32180998, -0.6767173, 0.6621874), (0.37415785, -0.52741146, 0.76278645), (0.27126285, -0.4890144, 0.8290244), (0.32180998, -0.6767173, 0.6621874), (0.27126285, -0.4890144, 0.8290244), (0.23703158, -0.6389723, 0.7317994), (0.43552384, 0.25219378, 0.8641282), (0.41652876, 0.38745025, 0.82242703), (0.30005425, 0.35411385, 0.88576007), (0.43552384, 0.25219378, 0.8641282), (0.30005425, 0.35411385, 0.88576007), (0.31087643, 0.22866541, 0.9225335), (0.2457346, -0.82182723, 0.5140181), (0.32180998, -0.6767173, 0.6621874), (0.23703158, -0.6389723, 0.7317994), (0.2457346, -0.82182723, 0.5140181), (0.23703158, -0.6389723, 0.7317994), (0.1843637, -0.793801, 0.57956016), (0.44511616, 0.12413631, 0.8868268), (0.43552384, 0.25219378, 0.8641282), (0.31087643, 0.22866541, 0.9225335), (0.44511616, 0.12413631, 0.8868268), (0.31087643, 0.22866541, 0.9225335), (0.31605253, 0.11207743, 0.9420985), (0.14760141, -0.93555075, 0.32087186), (0.2457346, -0.82182723, 0.5140181), (0.1843637, -0.793801, 0.57956016), (0.14760141, -0.93555075, 0.32087186), (0.1843637, -0.793801, 0.57956016), (0.111978725, -0.92329, 0.36741853), (0.44721338, -7.905519e-9, 0.8944273), (0.44511616, 0.12413631, 0.8868268), (0.31605253, 0.11207743, 0.9420985), (0.44721338, -7.905519e-9, 0.8944273), (0.31605253, 0.11207743, 0.9420985), (0.31687284, -2.339733e-8, 0.948468), (0.16139585, 0.9411486, 0.29696926), (-3.306464e-10, 1, -9.801606e-9), (0.12755527, 0.9282567, 0.3493842), (-4.0938405e-10, -1, -9.801606e-9), (0.14760141, -0.93555075, 0.32087186), (0.111978725, -0.92329, 0.36741853), (0.23703158, -0.6389723, 0.7317994), (0.27126285, -0.4890144, 0.8290244), (0.17514831, -0.4625147, 0.8691394), (0.23703158, -0.6389723, 0.7317994), (0.17514831, -0.4625147, 0.8691394), (0.15425028, -0.6118285, 0.7758046), (0.31087643, 0.22866541, 0.9225335), (0.30005425, 0.35411385, 0.88576007), (0.1946661, 0.33159316, 0.9231204), (0.31087643, 0.22866541, 0.9225335), (0.1946661, 0.33159316, 0.9231204), (0.20028949, 0.21310484, 0.9562796), (0.1843637, -0.793801, 0.57956016), (0.23703158, -0.6389723, 0.7317994), (0.15425028, -0.6118285, 0.7758046), (0.1843637, -0.793801, 0.57956016), (0.15425028, -0.6118285, 0.7758046), (0.12096881, -0.77260286, 0.62325865), (0.31605253, 0.11207743, 0.9420985), (0.31087643, 0.22866541, 0.9225335), (0.20028949, 0.21310484, 0.9562796), (0.31605253, 0.11207743, 0.9420985), (0.20028949, 0.21310484, 0.9562796), (0.20274785, 0.10419656, 0.9736716), (0.111978725, -0.92329, 0.36741853), (0.1843637, -0.793801, 0.57956016), (0.12096881, -0.77260286, 0.62325865), (0.111978725, -0.92329, 0.36741853), (0.12096881, -0.77260286, 0.62325865), (0.073215365, -0.91365814, 0.39983562), (0.31687284, -2.339733e-8, 0.948468), (0.31605253, 0.11207743, 0.9420985), (0.20274785, 0.10419656, 0.9736716), (0.31687284, -2.339733e-8, 0.948468), (0.20274785, 0.10419656, 0.9736716), (0.20280279, -1.2930485e-8, 0.9792197), (0.12755527, 0.9282567, 0.3493842), (-3.306464e-10, 1, -9.801606e-9), (0.08995246, 0.9173342, 0.38782287), (-4.0938405e-10, -1, -9.801606e-9), (0.111978725, -0.92329, 0.36741853), (0.073215365, -0.91365814, 0.39983562), (0.31370875, -0.111886375, 0.94290423), (0.31687284, -2.339733e-8, 0.948468), (0.20280279, -1.2930485e-8, 0.9792197), (0.31370875, -0.111886375, 0.94290423), (0.20280279, -1.2930485e-8, 0.9792197), (0.20065352, -0.104078986, 0.974118), (0.19862984, 0.799683, 0.56661564), (0.12755527, 0.9282567, 0.3493842), (0.08995246, 0.9173342, 0.38782287), (0.19862984, 0.799683, 0.56661564), (0.08995246, 0.9173342, 0.38782287), (0.13553926, 0.77674097, 0.61506313), (0.30614257, -0.22788733, 0.92430747), (0.31370875, -0.111886375, 0.94290423), (0.20065352, -0.104078986, 0.974118), (0.30614257, -0.22788733, 0.92430747), (0.20065352, -0.104078986, 0.974118), (0.19602464, -0.21262196, 0.95727026), (0.24921244, 0.64381206, 0.72346336), (0.19862984, 0.799683, 0.56661564), (0.13553926, 0.77674097, 0.61506313), (0.24921244, 0.64381206, 0.72346336), (0.13553926, 0.77674097, 0.61506313), (0.16609202, 0.6150694, 0.77078086), (0.29285416, -0.352324, 0.88887817), (0.30614257, -0.22788733, 0.92430747), (0.19602464, -0.21262196, 0.95727026), (0.29285416, -0.352324, 0.88887817), (0.19602464, -0.21262196, 0.95727026), (0.18808068, -0.33046556, 0.9248883), (0.2809874, 0.4922307, 0.8238659), (0.24921244, 0.64381206, 0.72346336), (0.16609202, 0.6150694, 0.77078086), (0.2809874, 0.4922307, 0.8238659), (0.16609202, 0.6150694, 0.77078086), (0.18426207, 0.46459103, 0.8661424), (0.27126285, -0.4890144, 0.8290244), (0.29285416, -0.352324, 0.88887817), (0.18808068, -0.33046556, 0.9248883), (0.27126285, -0.4890144, 0.8290244), (0.18808068, -0.33046556, 0.9248883), (0.17514831, -0.4625147, 0.8691394), (0.30005425, 0.35411385, 0.88576007), (0.2809874, 0.4922307, 0.8238659), (0.18426207, 0.46459103, 0.8661424), (0.30005425, 0.35411385, 0.88576007), (0.18426207, 0.46459103, 0.8661424), (0.1946661, 0.33159316, 0.9231204), (0.19602464, -0.21262196, 0.95727026), (0.20065352, -0.104078986, 0.974118), (0.09749816, -0.09970279, 0.990229), (0.19602464, -0.21262196, 0.95727026), (0.09749816, -0.09970279, 0.990229), (0.09488746, -0.20403484, 0.97435427), (0.16609202, 0.6150694, 0.77078086), (0.13553926, 0.77674097, 0.61506313), (0.07155135, 0.76196784, 0.64365023), (0.16609202, 0.6150694, 0.77078086), (0.07155135, 0.76196784, 0.64365023), (0.085208945, 0.5974989, 0.7973296), (0.18808068, -0.33046556, 0.9248883), (0.19602464, -0.21262196, 0.95727026), (0.09488746, -0.20403484, 0.97435427), (0.18808068, -0.33046556, 0.9248883), (0.09488746, -0.20403484, 0.97435427), (0.090712674, -0.31806797, 0.94371825), (0.18426207, 0.46459103, 0.8661424), (0.16609202, 0.6150694, 0.77078086), (0.085208945, 0.5974989, 0.7973296), (0.18426207, 0.46459103, 0.8661424), (0.085208945, 0.5974989, 0.7973296), (0.09285577, 0.4482844, 0.8890552), (0.17514831, -0.4625147, 0.8691394), (0.18808068, -0.33046556, 0.9248883), (0.090712674, -0.31806797, 0.94371825), (0.17514831, -0.4625147, 0.8691394), (0.090712674, -0.31806797, 0.94371825), (0.084135175, -0.44727147, 0.89043224), (0.1946661, 0.33159316, 0.9231204), (0.18426207, 0.46459103, 0.8661424), (0.09285577, 0.4482844, 0.8890552), (0.1946661, 0.33159316, 0.9231204), (0.09285577, 0.4482844, 0.8890552), (0.09693003, 0.31861067, 0.94291675), (0.15425028, -0.6118285, 0.7758046), (0.17514831, -0.4625147, 0.8691394), (0.084135175, -0.44727147, 0.89043224), (0.15425028, -0.6118285, 0.7758046), (0.084135175, -0.44727147, 0.89043224), (0.07364002, -0.59588486, 0.79968643), (0.20028949, 0.21310484, 0.9562796), (0.1946661, 0.33159316, 0.9231204), (0.09693003, 0.31861067, 0.94291675), (0.20028949, 0.21310484, 0.9562796), (0.09693003, 0.31861067, 0.94291675), (0.098881505, 0.20426536, 0.9739087), (0.12096881, -0.77260286, 0.62325865), (0.15425028, -0.6118285, 0.7758046), (0.07364002, -0.59588486, 0.79968643), (0.12096881, -0.77260286, 0.62325865), (0.07364002, -0.59588486, 0.79968643), (0.05689342, -0.7598455, 0.6476096), (0.20274785, 0.10419656, 0.9736716), (0.20028949, 0.21310484, 0.9562796), (0.098881505, 0.20426536, 0.9739087), (0.20274785, 0.10419656, 0.9736716), (0.098881505, 0.20426536, 0.9739087), (0.09945114, 0.09975875, 0.99002916), (0.073215365, -0.91365814, 0.39983562), (0.12096881, -0.77260286, 0.62325865), (0.05689342, -0.7598455, 0.6476096), (0.073215365, -0.91365814, 0.39983562), (0.05689342, -0.7598455, 0.6476096), (0.03259774, -0.9078426, 0.41804212), (0.20280279, -1.2930485e-8, 0.9792197), (0.20274785, 0.10419656, 0.9736716), (0.09945114, 0.09975875, 0.99002916), (0.20280279, -1.2930485e-8, 0.9792197), (0.09945114, 0.09975875, 0.99002916), (0.09896776, -4.286833e-8, 0.9950907), (0.08995246, 0.9173342, 0.38782287), (-3.306464e-10, 1, -9.801606e-9), (0.04997938, 0.90978897, 0.41205135), (-4.0938405e-10, -1, -9.801606e-9), (0.073215365, -0.91365814, 0.39983562), (0.03259774, -0.9078426, 0.41804212), (0.20065352, -0.104078986, 0.974118), (0.20280279, -1.2930485e-8, 0.9792197), (0.09896776, -4.286833e-8, 0.9950907), (0.20065352, -0.104078986, 0.974118), (0.09896776, -4.286833e-8, 0.9950907), (0.09749816, -0.09970279, 0.990229), (0.13553926, 0.77674097, 0.61506313), (0.08995246, 0.9173342, 0.38782287), (0.04997938, 0.90978897, 0.41205135), (0.13553926, 0.77674097, 0.61506313), (0.04997938, 0.90978897, 0.41205135), (0.07155135, 0.76196784, 0.64365023), (0.05689342, -0.7598455, 0.6476096), (0.07364002, -0.59588486, 0.79968643), (-0.00573431, -0.5911252, 0.8065595), (0.05689342, -0.7598455, 0.6476096), (-0.00573431, -0.5911252, 0.8065595), (-0.0073359916, -0.7562439, 0.65424883), (0.09945114, 0.09975875, 0.99002916), (0.098881505, 0.20426536, 0.9739087), (0.0019530294, 0.20133504, 0.9795205), (0.09945114, 0.09975875, 0.99002916), (0.0019530294, 0.20133504, 0.9795205), (0.0009535467, 0.098310955, 0.9951554), (0.03259774, -0.9078426, 0.41804212), (0.05689342, -0.7598455, 0.6476096), (-0.0073359916, -0.7562439, 0.65424883), (0.03259774, -0.9078426, 0.41804212), (-0.0073359916, -0.7562439, 0.65424883), (-0.008793619, -0.9065042, 0.42210534), (0.09896776, -4.286833e-8, 0.9950907), (0.09945114, 0.09975875, 0.99002916), (0.0009535467, 0.098310955, 0.9951554), (0.09896776, -4.286833e-8, 0.9950907), (0.0009535467, 0.098310955, 0.9951554), (-1.8197332e-7, -3.071303e-8, 1), (0.04997938, 0.90978897, 0.41205135), (-3.306464e-10, 1, -9.801606e-9), (0.00879362, 0.9065042, 0.4221053), (-4.0938405e-10, -1, -9.801606e-9), (0.03259774, -0.9078426, 0.41804212), (-0.008793619, -0.9065042, 0.42210534), (0.09749816, -0.09970279, 0.990229), (0.09896776, -4.286833e-8, 0.9950907), (-1.8197332e-7, -3.071303e-8, 1), (0.09749816, -0.09970279, 0.990229), (-1.8197332e-7, -3.071303e-8, 1), (-0.0009537704, -0.09831095, 0.9951554), (0.07155135, 0.76196784, 0.64365023), (0.04997938, 0.90978897, 0.41205135), (0.00879362, 0.9065042, 0.4221053), (0.07155135, 0.76196784, 0.64365023), (0.00879362, 0.9065042, 0.4221053), (0.007335955, 0.7562438, 0.6542488), (0.09488746, -0.20403484, 0.97435427), (0.09749816, -0.09970279, 0.990229), (-0.0009537704, -0.09831095, 0.9951554), (0.09488746, -0.20403484, 0.97435427), (-0.0009537704, -0.09831095, 0.9951554), (-0.0019531043, -0.201335, 0.9795205), (0.085208945, 0.5974989, 0.7973296), (0.07155135, 0.76196784, 0.64365023), (0.007335955, 0.7562438, 0.6542488), (0.085208945, 0.5974989, 0.7973296), (0.007335955, 0.7562438, 0.6542488), (0.0057341447, 0.5911252, 0.8065595), (0.090712674, -0.31806797, 0.94371825), (0.09488746, -0.20403484, 0.97435427), (-0.0019531043, -0.201335, 0.9795205), (0.090712674, -0.31806797, 0.94371825), (-0.0019531043, -0.201335, 0.9795205), (-0.0030482034, -0.31421763, 0.9493462), (0.09285577, 0.4482844, 0.8890552), (0.085208945, 0.5974989, 0.7973296), (0.0057341447, 0.5911252, 0.8065595), (0.09285577, 0.4482844, 0.8890552), (0.0057341447, 0.5911252, 0.8065595), (0.004293442, 0.44260886, 0.89670455), (0.084135175, -0.44727147, 0.89043224), (0.090712674, -0.31806797, 0.94371825), (-0.0030482034, -0.31421763, 0.9493462), (0.084135175, -0.44727147, 0.89043224), (-0.0030482034, -0.31421763, 0.9493462), (-0.0042936965, -0.44260886, 0.89670455), (0.09693003, 0.31861067, 0.94291675), (0.09285577, 0.4482844, 0.8890552), (0.004293442, 0.44260886, 0.89670455), (0.09693003, 0.31861067, 0.94291675), (0.004293442, 0.44260886, 0.89670455), (0.0030480004, 0.3142176, 0.9493462), (0.07364002, -0.59588486, 0.79968643), (0.084135175, -0.44727147, 0.89043224), (-0.0042936965, -0.44260886, 0.89670455), (0.07364002, -0.59588486, 0.79968643), (-0.0042936965, -0.44260886, 0.89670455), (-0.00573431, -0.5911252, 0.8065595), (0.098881505, 0.20426536, 0.9739087), (0.09693003, 0.31861067, 0.94291675), (0.0030480004, 0.3142176, 0.9493462), (0.098881505, 0.20426536, 0.9739087), (0.0030480004, 0.3142176, 0.9493462), (0.0019530294, 0.20133504, 0.9795205), (0.0057341447, 0.5911252, 0.8065595), (0.007335955, 0.7562438, 0.6542488), (-0.056893468, 0.7598454, 0.6476096), (0.0057341447, 0.5911252, 0.8065595), (-0.056893468, 0.7598454, 0.6476096), (-0.0736402, 0.59588474, 0.7996865), (-0.0030482034, -0.31421763, 0.9493462), (-0.0019531043, -0.201335, 0.9795205), (-0.09888155, -0.20426534, 0.9739087), (-0.0030482034, -0.31421763, 0.9493462), (-0.09888155, -0.20426534, 0.9739087), (-0.09693022, -0.3186108, 0.94291663), (0.004293442, 0.44260886, 0.89670455), (0.0057341447, 0.5911252, 0.8065595), (-0.0736402, 0.59588474, 0.7996865), (0.004293442, 0.44260886, 0.89670455), (-0.0736402, 0.59588474, 0.7996865), (-0.0841353, 0.4472715, 0.8904323), (-0.0042936965, -0.44260886, 0.89670455), (-0.0030482034, -0.31421763, 0.9493462), (-0.09693022, -0.3186108, 0.94291663), (-0.0042936965, -0.44260886, 0.89670455), (-0.09693022, -0.3186108, 0.94291663), (-0.092855886, -0.44828433, 0.8890552), (0.0030480004, 0.3142176, 0.9493462), (0.004293442, 0.44260886, 0.89670455), (-0.0841353, 0.4472715, 0.8904323), (0.0030480004, 0.3142176, 0.9493462), (-0.0841353, 0.4472715, 0.8904323), (-0.090712816, 0.318068, 0.94371814), (-0.00573431, -0.5911252, 0.8065595), (-0.0042936965, -0.44260886, 0.89670455), (-0.092855886, -0.44828433, 0.8890552), (-0.00573431, -0.5911252, 0.8065595), (-0.092855886, -0.44828433, 0.8890552), (-0.08520905, -0.5974989, 0.7973297), (0.0019530294, 0.20133504, 0.9795205), (0.0030480004, 0.3142176, 0.9493462), (-0.090712816, 0.318068, 0.94371814), (0.0019530294, 0.20133504, 0.9795205), (-0.090712816, 0.318068, 0.94371814), (-0.09488757, 0.20403491, 0.9743543), (-0.0073359916, -0.7562439, 0.65424883), (-0.00573431, -0.5911252, 0.8065595), (-0.08520905, -0.5974989, 0.7973297), (-0.0073359916, -0.7562439, 0.65424883), (-0.08520905, -0.5974989, 0.7973297), (-0.07155139, -0.7619677, 0.64365035), (0.0009535467, 0.098310955, 0.9951554), (0.0019530294, 0.20133504, 0.9795205), (-0.09488757, 0.20403491, 0.9743543), (0.0009535467, 0.098310955, 0.9951554), (-0.09488757, 0.20403491, 0.9743543), (-0.09749836, 0.09970273, 0.99022907), (-0.008793619, -0.9065042, 0.42210534), (-0.0073359916, -0.7562439, 0.65424883), (-0.07155139, -0.7619677, 0.64365035), (-0.008793619, -0.9065042, 0.42210534), (-0.07155139, -0.7619677, 0.64365035), (-0.049979415, -0.90978897, 0.41205132), (-1.8197332e-7, -3.071303e-8, 1), (0.0009535467, 0.098310955, 0.9951554), (-0.09749836, 0.09970273, 0.99022907), (-1.8197332e-7, -3.071303e-8, 1), (-0.09749836, 0.09970273, 0.99022907), (-0.09896805, -2.1270756e-8, 0.9950907), (0.00879362, 0.9065042, 0.4221053), (-3.306464e-10, 1, -9.801606e-9), (-0.032597788, 0.9078427, 0.41804212), (-4.0938405e-10, -1, -9.801606e-9), (-0.008793619, -0.9065042, 0.42210534), (-0.049979415, -0.90978897, 0.41205132), (-0.0009537704, -0.09831095, 0.9951554), (-1.8197332e-7, -3.071303e-8, 1), (-0.09896805, -2.1270756e-8, 0.9950907), (-0.0009537704, -0.09831095, 0.9951554), (-0.09896805, -2.1270756e-8, 0.9950907), (-0.09945128, -0.09975864, 0.9900292), (0.007335955, 0.7562438, 0.6542488), (0.00879362, 0.9065042, 0.4221053), (-0.032597788, 0.9078427, 0.41804212), (0.007335955, 0.7562438, 0.6542488), (-0.032597788, 0.9078427, 0.41804212), (-0.056893468, 0.7598454, 0.6476096), (-0.0019531043, -0.201335, 0.9795205), (-0.0009537704, -0.09831095, 0.9951554), (-0.09945128, -0.09975864, 0.9900292), (-0.0019531043, -0.201335, 0.9795205), (-0.09945128, -0.09975864, 0.9900292), (-0.09888155, -0.20426534, 0.9739087), (-0.09749836, 0.09970273, 0.99022907), (-0.09488757, 0.20403491, 0.9743543), (-0.1960247, 0.21262203, 0.95727015), (-0.09749836, 0.09970273, 0.99022907), (-0.1960247, 0.21262203, 0.95727015), (-0.20065378, 0.104078814, 0.97411793), (-0.049979415, -0.90978897, 0.41205132), (-0.07155139, -0.7619677, 0.64365035), (-0.13553946, -0.77674097, 0.615063), (-0.049979415, -0.90978897, 0.41205132), (-0.13553946, -0.77674097, 0.615063), (-0.08995264, -0.9173343, 0.38782275), (-0.09896805, -2.1270756e-8, 0.9950907), (-0.09749836, 0.09970273, 0.99022907), (-0.20065378, 0.104078814, 0.97411793), (-0.09896805, -2.1270756e-8, 0.9950907), (-0.20065378, 0.104078814, 0.97411793), (-0.2028032, 6.2242633e-9, 0.97921956), (-0.032597788, 0.9078427, 0.41804212), (-3.306464e-10, 1, -9.801606e-9), (-0.07321544, 0.9136581, 0.39983544), (-4.0938405e-10, -1, -9.801606e-9), (-0.049979415, -0.90978897, 0.41205132), (-0.08995264, -0.9173343, 0.38782275), (-0.09945128, -0.09975864, 0.9900292), (-0.09896805, -2.1270756e-8, 0.9950907), (-0.2028032, 6.2242633e-9, 0.97921956), (-0.09945128, -0.09975864, 0.9900292), (-0.2028032, 6.2242633e-9, 0.97921956), (-0.20274818, -0.10419646, 0.9736716), (-0.056893468, 0.7598454, 0.6476096), (-0.032597788, 0.9078427, 0.41804212), (-0.07321544, 0.9136581, 0.39983544), (-0.056893468, 0.7598454, 0.6476096), (-0.07321544, 0.9136581, 0.39983544), (-0.12096897, 0.7726029, 0.62325865), (-0.09888155, -0.20426534, 0.9739087), (-0.09945128, -0.09975864, 0.9900292), (-0.20274818, -0.10419646, 0.9736716), (-0.09888155, -0.20426534, 0.9739087), (-0.20274818, -0.10419646, 0.9736716), (-0.20028962, -0.21310483, 0.95627946), (-0.0736402, 0.59588474, 0.7996865), (-0.056893468, 0.7598454, 0.6476096), (-0.12096897, 0.7726029, 0.62325865), (-0.0736402, 0.59588474, 0.7996865), (-0.12096897, 0.7726029, 0.62325865), (-0.15425049, 0.6118285, 0.77580464), (-0.09693022, -0.3186108, 0.94291663), (-0.09888155, -0.20426534, 0.9739087), (-0.20028962, -0.21310483, 0.95627946), (-0.09693022, -0.3186108, 0.94291663), (-0.20028962, -0.21310483, 0.95627946), (-0.19466628, -0.33159325, 0.9231203), (-0.0841353, 0.4472715, 0.8904323), (-0.0736402, 0.59588474, 0.7996865), (-0.15425049, 0.6118285, 0.77580464), (-0.0841353, 0.4472715, 0.8904323), (-0.15425049, 0.6118285, 0.77580464), (-0.1751484, 0.46251476, 0.8691393), (-0.092855886, -0.44828433, 0.8890552), (-0.09693022, -0.3186108, 0.94291663), (-0.19466628, -0.33159325, 0.9231203), (-0.092855886, -0.44828433, 0.8890552), (-0.19466628, -0.33159325, 0.9231203), (-0.18426213, -0.46459097, 0.86614245), (-0.090712816, 0.318068, 0.94371814), (-0.0841353, 0.4472715, 0.8904323), (-0.1751484, 0.46251476, 0.8691393), (-0.090712816, 0.318068, 0.94371814), (-0.1751484, 0.46251476, 0.8691393), (-0.18808086, 0.3304656, 0.9248882), (-0.08520905, -0.5974989, 0.7973297), (-0.092855886, -0.44828433, 0.8890552), (-0.18426213, -0.46459097, 0.86614245), (-0.08520905, -0.5974989, 0.7973297), (-0.18426213, -0.46459097, 0.86614245), (-0.16609219, -0.6150693, 0.77078086), (-0.09488757, 0.20403491, 0.9743543), (-0.090712816, 0.318068, 0.94371814), (-0.18808086, 0.3304656, 0.9248882), (-0.09488757, 0.20403491, 0.9743543), (-0.18808086, 0.3304656, 0.9248882), (-0.1960247, 0.21262203, 0.95727015), (-0.07155139, -0.7619677, 0.64365035), (-0.08520905, -0.5974989, 0.7973297), (-0.16609219, -0.6150693, 0.77078086), (-0.07155139, -0.7619677, 0.64365035), (-0.16609219, -0.6150693, 0.77078086), (-0.13553946, -0.77674097, 0.615063), (-0.19466628, -0.33159325, 0.9231203), (-0.20028962, -0.21310483, 0.95627946), (-0.31087646, -0.2286653, 0.9225335), (-0.19466628, -0.33159325, 0.9231203), (-0.31087646, -0.2286653, 0.9225335), (-0.30005443, -0.35411397, 0.88576), (-0.1751484, 0.46251476, 0.8691393), (-0.15425049, 0.6118285, 0.77580464), (-0.23703183, 0.6389724, 0.73179936), (-0.1751484, 0.46251476, 0.8691393), (-0.23703183, 0.6389724, 0.73179936), (-0.27126294, 0.4890144, 0.8290244), (-0.18426213, -0.46459097, 0.86614245), (-0.19466628, -0.33159325, 0.9231203), (-0.30005443, -0.35411397, 0.88576), (-0.18426213, -0.46459097, 0.86614245), (-0.30005443, -0.35411397, 0.88576), (-0.28098753, -0.49223065, 0.8238659), (-0.18808086, 0.3304656, 0.9248882), (-0.1751484, 0.46251476, 0.8691393), (-0.27126294, 0.4890144, 0.8290244), (-0.18808086, 0.3304656, 0.9248882), (-0.27126294, 0.4890144, 0.8290244), (-0.2928543, 0.35232404, 0.8888781), (-0.16609219, -0.6150693, 0.77078086), (-0.18426213, -0.46459097, 0.86614245), (-0.28098753, -0.49223065, 0.8238659), (-0.16609219, -0.6150693, 0.77078086), (-0.28098753, -0.49223065, 0.8238659), (-0.24921267, -0.64381206, 0.7234633), (-0.1960247, 0.21262203, 0.95727015), (-0.18808086, 0.3304656, 0.9248882), (-0.2928543, 0.35232404, 0.8888781), (-0.1960247, 0.21262203, 0.95727015), (-0.2928543, 0.35232404, 0.8888781), (-0.30614266, 0.22788727, 0.92430735), (-0.13553946, -0.77674097, 0.615063), (-0.16609219, -0.6150693, 0.77078086), (-0.24921267, -0.64381206, 0.7234633), (-0.13553946, -0.77674097, 0.615063), (-0.24921267, -0.64381206, 0.7234633), (-0.1986301, -0.79968315, 0.5666155), (-0.20065378, 0.104078814, 0.97411793), (-0.1960247, 0.21262203, 0.95727015), (-0.30614266, 0.22788727, 0.92430735), (-0.20065378, 0.104078814, 0.97411793), (-0.30614266, 0.22788727, 0.92430735), (-0.31370896, 0.11188615, 0.9429041), (-0.08995264, -0.9173343, 0.38782275), (-0.13553946, -0.77674097, 0.615063), (-0.1986301, -0.79968315, 0.5666155), (-0.08995264, -0.9173343, 0.38782275), (-0.1986301, -0.79968315, 0.5666155), (-0.12755539, -0.92825663, 0.3493841), (-0.2028032, 6.2242633e-9, 0.97921956), (-0.20065378, 0.104078814, 0.97411793), (-0.31370896, 0.11188615, 0.9429041), (-0.2028032, 6.2242633e-9, 0.97921956), (-0.31370896, 0.11188615, 0.9429041), (-0.31687322, -3.8110826e-8, 0.9484679), (-0.07321544, 0.9136581, 0.39983544), (-3.306464e-10, 1, -9.801606e-9), (-0.111978844, 0.92329, 0.36741847), (-4.0938405e-10, -1, -9.801606e-9), (-0.08995264, -0.9173343, 0.38782275), (-0.12755539, -0.92825663, 0.3493841), (-0.20274818, -0.10419646, 0.9736716), (-0.2028032, 6.2242633e-9, 0.97921956), (-0.31687322, -3.8110826e-8, 0.9484679), (-0.20274818, -0.10419646, 0.9736716), (-0.31687322, -3.8110826e-8, 0.9484679), (-0.31605273, -0.112077184, 0.9420984), (-0.12096897, 0.7726029, 0.62325865), (-0.07321544, 0.9136581, 0.39983544), (-0.111978844, 0.92329, 0.36741847), (-0.12096897, 0.7726029, 0.62325865), (-0.111978844, 0.92329, 0.36741847), (-0.18436392, 0.793801, 0.57956004), (-0.20028962, -0.21310483, 0.95627946), (-0.20274818, -0.10419646, 0.9736716), (-0.31605273, -0.112077184, 0.9420984), (-0.20028962, -0.21310483, 0.95627946), (-0.31605273, -0.112077184, 0.9420984), (-0.31087646, -0.2286653, 0.9225335), (-0.15425049, 0.6118285, 0.77580464), (-0.12096897, 0.7726029, 0.62325865), (-0.18436392, 0.793801, 0.57956004), (-0.15425049, 0.6118285, 0.77580464), (-0.18436392, 0.793801, 0.57956004), (-0.23703183, 0.6389724, 0.73179936), (-0.12755539, -0.92825663, 0.3493841), (-0.1986301, -0.79968315, 0.5666155), (-0.2592225, -0.82890487, 0.49570188), (-0.12755539, -0.92825663, 0.3493841), (-0.2592225, -0.82890487, 0.49570188), (-0.16139592, -0.94114864, 0.29696923), (-0.31687322, -3.8110826e-8, 0.9484679), (-0.31370896, 0.11188615, 0.9429041), (-0.44241053, 0.12385523, 0.8882189), (-0.31687322, -3.8110826e-8, 0.9484679), (-0.44241053, 0.12385523, 0.8882189), (-0.4472139, -4.128752e-8, 0.8944271), (-0.111978844, 0.92329, 0.36741847), (-3.306464e-10, 1, -9.801606e-9), (-0.1476015, 0.9355507, 0.32087174), (-4.0938405e-10, -1, -9.801606e-9), (-0.12755539, -0.92825663, 0.3493841), (-0.16139592, -0.94114864, 0.29696923), (-0.31605273, -0.112077184, 0.9420984), (-0.31687322, -3.8110826e-8, 0.9484679), (-0.4472139, -4.128752e-8, 0.8944271), (-0.31605273, -0.112077184, 0.9420984), (-0.4472139, -4.128752e-8, 0.8944271), (-0.44511646, -0.12413597, 0.8868267), (-0.18436392, 0.793801, 0.57956004), (-0.111978844, 0.92329, 0.36741847), (-0.1476015, 0.9355507, 0.32087174), (-0.18436392, 0.793801, 0.57956004), (-0.1476015, 0.9355507, 0.32087174), (-0.24573477, 0.8218272, 0.514018), (-0.31087646, -0.2286653, 0.9225335), (-0.31605273, -0.112077184, 0.9420984), (-0.44511646, -0.12413597, 0.8868267), (-0.31087646, -0.2286653, 0.9225335), (-0.44511646, -0.12413597, 0.8868267), (-0.43552396, -0.25219372, 0.86412805), (-0.23703183, 0.6389724, 0.73179936), (-0.18436392, 0.793801, 0.57956004), (-0.24573477, 0.8218272, 0.514018), (-0.23703183, 0.6389724, 0.73179936), (-0.24573477, 0.8218272, 0.514018), (-0.32181004, 0.6767173, 0.66218734), (-0.30005443, -0.35411397, 0.88576), (-0.31087646, -0.2286653, 0.9225335), (-0.43552396, -0.25219372, 0.86412805), (-0.30005443, -0.35411397, 0.88576), (-0.43552396, -0.25219372, 0.86412805), (-0.41652882, -0.38745025, 0.822427), (-0.27126294, 0.4890144, 0.8290244), (-0.23703183, 0.6389724, 0.73179936), (-0.32181004, 0.6767173, 0.66218734), (-0.27126294, 0.4890144, 0.8290244), (-0.32181004, 0.6767173, 0.66218734), (-0.37415788, 0.52741146, 0.7627864), (-0.28098753, -0.49223065, 0.8238659), (-0.30005443, -0.35411397, 0.88576), (-0.41652882, -0.38745025, 0.822427), (-0.28098753, -0.49223065, 0.8238659), (-0.41652882, -0.38745025, 0.822427), (-0.38455966, -0.53179014, 0.7545284), (-0.2928543, 0.35232404, 0.8888781), (-0.27126294, 0.4890144, 0.8290244), (-0.37415788, 0.52741146, 0.7627864), (-0.2928543, 0.35232404, 0.8888781), (-0.37415788, 0.52741146, 0.7627864), (-0.4085263, 0.3849183, 0.82761353), (-0.24921267, -0.64381206, 0.7234633), (-0.28098753, -0.49223065, 0.8238659), (-0.38455966, -0.53179014, 0.7545284), (-0.24921267, -0.64381206, 0.7234633), (-0.38455966, -0.53179014, 0.7545284), (-0.3341458, -0.68295527, 0.64955276), (-0.30614266, 0.22788727, 0.92430735), (-0.2928543, 0.35232404, 0.8888781), (-0.4085263, 0.3849183, 0.82761353), (-0.30614266, 0.22788727, 0.92430735), (-0.4085263, 0.3849183, 0.82761353), (-0.4301317, 0.25106582, 0.86715204), (-0.1986301, -0.79968315, 0.5666155), (-0.24921267, -0.64381206, 0.7234633), (-0.3341458, -0.68295527, 0.64955276), (-0.1986301, -0.79968315, 0.5666155), (-0.3341458, -0.68295527, 0.64955276), (-0.2592225, -0.82890487, 0.49570188), (-0.31370896, 0.11188615, 0.9429041), (-0.30614266, 0.22788727, 0.92430735), (-0.4301317, 0.25106582, 0.86715204), (-0.31370896, 0.11188615, 0.9429041), (-0.4301317, 0.25106582, 0.86715204), (-0.44241053, 0.12385523, 0.8882189), (-0.37415788, 0.52741146, 0.7627864), (-0.32181004, 0.6767173, 0.66218734), (-0.40601206, 0.7226224, 0.5594382), (-0.37415788, 0.52741146, 0.7627864), (-0.40601206, 0.7226224, 0.5594382), (-0.48286068, 0.5769843, 0.65873724), (-0.38455966, -0.53179014, 0.7545284), (-0.41652882, -0.38745025, 0.822427), (-0.5451241, -0.43214083, 0.71839684), (-0.38455966, -0.53179014, 0.7545284), (-0.5451241, -0.43214083, 0.71839684), (-0.49357554, -0.582288, 0.64600605), (-0.4085263, 0.3849183, 0.82761353), (-0.37415788, 0.52741146, 0.7627864), (-0.48286068, 0.5769843, 0.65873724), (-0.4085263, 0.3849183, 0.82761353), (-0.48286068, 0.5769843, 0.65873724), (-0.53641284, 0.42889988, 0.7268467), (-0.3341458, -0.68295527, 0.64955276), (-0.38455966, -0.53179014, 0.7545284), (-0.49357554, -0.582288, 0.64600605), (-0.3341458, -0.68295527, 0.64955276), (-0.49357554, -0.582288, 0.64600605), (-0.41782224, -0.72964483, 0.54133457), (-0.4301317, 0.25106582, 0.86715204), (-0.4085263, 0.3849183, 0.82761353), (-0.53641284, 0.42889988, 0.7268467), (-0.4301317, 0.25106582, 0.86715204), (-0.53641284, 0.42889988, 0.7268467), (-0.5714146, 0.28326917, 0.77022344), (-0.2592225, -0.82890487, 0.49570188), (-0.3341458, -0.68295527, 0.64955276), (-0.41782224, -0.72964483, 0.54133457), (-0.2592225, -0.82890487, 0.49570188), (-0.41782224, -0.72964483, 0.54133457), (-0.31430095, -0.86097157, 0.39992875), (-0.44241053, 0.12385523, 0.8882189), (-0.4301317, 0.25106582, 0.86715204), (-0.5714146, 0.28326917, 0.77022344), (-0.44241053, 0.12385523, 0.8882189), (-0.5714146, 0.28326917, 0.77022344), (-0.5915887, 0.14075723, 0.7938579), (-0.16139592, -0.94114864, 0.29696923), (-0.2592225, -0.82890487, 0.49570188), (-0.31430095, -0.86097157, 0.39992875), (-0.16139592, -0.94114864, 0.29696923), (-0.31430095, -0.86097157, 0.39992875), (-0.18984854, -0.9541448, 0.23144177), (-0.4472139, -4.128752e-8, 0.8944271), (-0.44241053, 0.12385523, 0.8882189), (-0.5915887, 0.14075723, 0.7938579), (-0.4472139, -4.128752e-8, 0.8944271), (-0.5915887, 0.14075723, 0.7938579), (-0.59913045, -5.4664266e-8, 0.80065155), (-0.1476015, 0.9355507, 0.32087174), (-3.306464e-10, 1, -9.801606e-9), (-0.17854947, 0.9487533, 0.2607436), (-4.0938405e-10, -1, -9.801606e-9), (-0.16139592, -0.94114864, 0.29696923), (-0.18984854, -0.9541448, 0.23144177), (-0.44511646, -0.12413597, 0.8868267), (-0.4472139, -4.128752e-8, 0.8944271), (-0.59913045, -5.4664266e-8, 0.80065155), (-0.44511646, -0.12413597, 0.8868267), (-0.59913045, -5.4664266e-8, 0.80065155), (-0.59471154, -0.14113824, 0.7914533), (-0.24573477, 0.8218272, 0.514018), (-0.1476015, 0.9355507, 0.32087174), (-0.17854947, 0.9487533, 0.2607436), (-0.24573477, 0.8218272, 0.514018), (-0.17854947, 0.9487533, 0.2607436), (-0.3024247, 0.8536436, 0.42406592), (-0.43552396, -0.25219372, 0.86412805), (-0.44511646, -0.12413597, 0.8868267), (-0.59471154, -0.14113824, 0.7914533), (-0.43552396, -0.25219372, 0.86412805), (-0.59471154, -0.14113824, 0.7914533), (-0.5775065, -0.2847675, 0.7651103), (-0.32181004, 0.6767173, 0.66218734), (-0.24573477, 0.8218272, 0.514018), (-0.3024247, 0.8536436, 0.42406592), (-0.32181004, 0.6767173, 0.66218734), (-0.3024247, 0.8536436, 0.42406592), (-0.40601206, 0.7226224, 0.5594382), (-0.41652882, -0.38745025, 0.822427), (-0.43552396, -0.25219372, 0.86412805), (-0.5775065, -0.2847675, 0.7651103), (-0.41652882, -0.38745025, 0.822427), (-0.5775065, -0.2847675, 0.7651103), (-0.5451241, -0.43214083, 0.71839684), (-0.59913045, -5.4664266e-8, 0.80065155), (-0.5915887, 0.14075723, 0.7938579), (-0.75819284, 0.16227424, 0.6315147), (-0.59913045, -5.4664266e-8, 0.80065155), (-0.75819284, 0.16227424, 0.6315147), (-0.77007663, -5.985607e-8, 0.63795155), (-0.17854947, 0.9487533, 0.2607436), (-3.306464e-10, 1, -9.801606e-9), (-0.20311052, 0.9608521, 0.18843962), (-4.0938405e-10, -1, -9.801606e-9), (-0.18984854, -0.9541448, 0.23144177), (-0.2111805, -0.9651305, 0.15468007), (-0.59471154, -0.14113824, 0.7914533), (-0.59913045, -5.4664266e-8, 0.80065155), (-0.77007663, -5.985607e-8, 0.63795155), (-0.59471154, -0.14113824, 0.7914533), (-0.77007663, -5.985607e-8, 0.63795155), (-0.76148885, -0.16272113, 0.6274206), (-0.3024247, 0.8536436, 0.42406592), (-0.17854947, 0.9487533, 0.2607436), (-0.20311052, 0.9608521, 0.18843962), (-0.3024247, 0.8536436, 0.42406592), (-0.20311052, 0.9608521, 0.18843962), (-0.35014987, 0.884383, 0.308645), (-0.5775065, -0.2847675, 0.7651103), (-0.59471154, -0.14113824, 0.7914533), (-0.76148885, -0.16272113, 0.6274206), (-0.5775065, -0.2847675, 0.7651103), (-0.76148885, -0.16272113, 0.6274206), (-0.7316133, -0.3250013, 0.5992632), (-0.40601206, 0.7226224, 0.5594382), (-0.3024247, 0.8536436, 0.42406592), (-0.35014987, 0.884383, 0.308645), (-0.40601206, 0.7226224, 0.5594382), (-0.35014987, 0.884383, 0.308645), (-0.48280215, 0.7705348, 0.4161469), (-0.5451241, -0.43214083, 0.71839684), (-0.5775065, -0.2847675, 0.7651103), (-0.7316133, -0.3250013, 0.5992632), (-0.5451241, -0.43214083, 0.71839684), (-0.7316133, -0.3250013, 0.5992632), (-0.6784824, -0.48484778, 0.5518915), (-0.48286068, 0.5769843, 0.65873724), (-0.40601206, 0.7226224, 0.5594382), (-0.48280215, 0.7705348, 0.4161469), (-0.48286068, 0.5769843, 0.65873724), (-0.48280215, 0.7705348, 0.4161469), (-0.5897694, 0.63269395, 0.501867), (-0.49357554, -0.582288, 0.64600605), (-0.5451241, -0.43214083, 0.71839684), (-0.6784824, -0.48484778, 0.5518915), (-0.49357554, -0.582288, 0.64600605), (-0.6784824, -0.48484778, 0.5518915), (-0.5994901, -0.63804024, 0.48323527), (-0.53641284, 0.42889988, 0.7268467), (-0.48286068, 0.5769843, 0.65873724), (-0.5897694, 0.63269395, 0.501867), (-0.53641284, 0.42889988, 0.7268467), (-0.5897694, 0.63269395, 0.501867), (-0.6700044, 0.48134306, 0.5651576), (-0.41782224, -0.72964483, 0.54133457), (-0.49357554, -0.582288, 0.64600605), (-0.5994901, -0.63804024, 0.48323527), (-0.41782224, -0.72964483, 0.54133457), (-0.5994901, -0.63804024, 0.48323527), (-0.4926465, -0.7770388, 0.39180374), (-0.5714146, 0.28326917, 0.77022344), (-0.53641284, 0.42889988, 0.7268467), (-0.6700044, 0.48134306, 0.5651576), (-0.5714146, 0.28326917, 0.77022344), (-0.6700044, 0.48134306, 0.5651576), (-0.7253749, 0.32329646, 0.6077094), (-0.31430095, -0.86097157, 0.39992875), (-0.41782224, -0.72964483, 0.54133457), (-0.4926465, -0.7770388, 0.39180374), (-0.31430095, -0.86097157, 0.39992875), (-0.4926465, -0.7770388, 0.39180374), (-0.3592257, -0.8906053, 0.2788895), (-0.5915887, 0.14075723, 0.7938579), (-0.5714146, 0.28326917, 0.77022344), (-0.7253749, 0.32329646, 0.6077094), (-0.5915887, 0.14075723, 0.7938579), (-0.7253749, 0.32329646, 0.6077094), (-0.75819284, 0.16227424, 0.6315147), (-0.18984854, -0.9541448, 0.23144177), (-0.31430095, -0.86097157, 0.39992875), (-0.3592257, -0.8906053, 0.2788895), (-0.18984854, -0.9541448, 0.23144177), (-0.3592257, -0.8906053, 0.2788895), (-0.2111805, -0.9651305, 0.15468007), (-0.5994901, -0.63804024, 0.48323527), (-0.6784824, -0.48484778, 0.5518915), (-0.79002434, -0.5325347, 0.30375692), (-0.5994901, -0.63804024, 0.48323527), (-0.79002434, -0.5325347, 0.30375692), (-0.6816612, -0.6848082, 0.25763512), (-0.6700044, 0.48134306, 0.5651576), (-0.5897694, 0.63269395, 0.501867), (-0.67550474, 0.68121374, 0.28220767), (-0.6700044, 0.48134306, 0.5651576), (-0.67550474, 0.68121374, 0.28220767), (-0.7842757, 0.530012, 0.32248864), (-0.4926465, -0.7770388, 0.39180374), (-0.5994901, -0.63804024, 0.48323527), (-0.6816612, -0.6848082, 0.25763512), (-0.4926465, -0.7770388, 0.39180374), (-0.6816612, -0.6848082, 0.25763512), (-0.5458161, -0.8134276, 0.20104812), (-0.7253749, 0.32329646, 0.6077094), (-0.6700044, 0.48134306, 0.5651576), (-0.7842757, 0.530012, 0.32248864), (-0.7253749, 0.32329646, 0.6077094), (-0.7842757, 0.530012, 0.32248864), (-0.8635803, 0.36225048, 0.35071906), (-0.3592257, -0.8906053, 0.2788895), (-0.4926465, -0.7770388, 0.39180374), (-0.5458161, -0.8134276, 0.20104812), (-0.3592257, -0.8906053, 0.2788895), (-0.5458161, -0.8134276, 0.20104812), (-0.3883653, -0.9113438, 0.13647349), (-0.75819284, 0.16227424, 0.6315147), (-0.7253749, 0.32329646, 0.6077094), (-0.8635803, 0.36225048, 0.35071906), (-0.75819284, 0.16227424, 0.6315147), (-0.8635803, 0.36225048, 0.35071906), (-0.9120867, 0.18380952, 0.3664861), (-0.2111805, -0.9651305, 0.15468007), (-0.3592257, -0.8906053, 0.2788895), (-0.3883653, -0.9113438, 0.13647349), (-0.2111805, -0.9651305, 0.15468007), (-0.3883653, -0.9113438, 0.13647349), (-0.22382183, -0.97212666, 0.06981189), (-0.77007663, -5.985607e-8, 0.63795155), (-0.75819284, 0.16227424, 0.6315147), (-0.9120867, 0.18380952, 0.3664861), (-0.77007663, -5.985607e-8, 0.63795155), (-0.9120867, 0.18380952, 0.3664861), (-0.92917234, -6.1076285e-8, 0.36964682), (-0.20311052, 0.9608521, 0.18843962), (-3.306464e-10, 1, -9.801606e-9), (-0.21960486, 0.9697533, 0.10654698), (-4.0938405e-10, -1, -9.801606e-9), (-0.2111805, -0.9651305, 0.15468007), (-0.22382183, -0.97212666, 0.06981189), (-0.76148885, -0.16272113, 0.6274206), (-0.77007663, -5.985607e-8, 0.63795155), (-0.92917234, -6.1076285e-8, 0.36964682), (-0.76148885, -0.16272113, 0.6274206), (-0.92917234, -6.1076285e-8, 0.36964682), (-0.9145256, -0.18416053, 0.36017743), (-0.35014987, 0.884383, 0.308645), (-0.20311052, 0.9608521, 0.18843962), (-0.21960486, 0.9697533, 0.10654698), (-0.35014987, 0.884383, 0.308645), (-0.21960486, 0.9697533, 0.10654698), (-0.38338503, 0.90771925, 0.17047545), (-0.7316133, -0.3250013, 0.5992632), (-0.76148885, -0.16272113, 0.6274206), (-0.9145256, -0.18416053, 0.36017743), (-0.7316133, -0.3250013, 0.5992632), (-0.9145256, -0.18416053, 0.36017743), (-0.86804265, -0.36354515, 0.33813742), (-0.48280215, 0.7705348, 0.4161469), (-0.35014987, 0.884383, 0.308645), (-0.38338503, 0.90771925, 0.17047545), (-0.48280215, 0.7705348, 0.4161469), (-0.38338503, 0.90771925, 0.17047545), (-0.54002935, 0.8093689, 0.23084685), (-0.6784824, -0.48484778, 0.5518915), (-0.7316133, -0.3250013, 0.5992632), (-0.86804265, -0.36354515, 0.33813742), (-0.6784824, -0.48484778, 0.5518915), (-0.86804265, -0.36354515, 0.33813742), (-0.79002434, -0.5325347, 0.30375692), (-0.5897694, 0.63269395, 0.501867), (-0.48280215, 0.7705348, 0.4161469), (-0.54002935, 0.8093689, 0.23084685), (-0.5897694, 0.63269395, 0.501867), (-0.54002935, 0.8093689, 0.23084685), (-0.67550474, 0.68121374, 0.28220767), (-4.0938405e-10, -1, -9.801606e-9), (-0.22382183, -0.97212666, 0.06981189), (-0.22671536, -0.97377783, -0.0188924), (-0.9145256, -0.18416053, 0.36017743), (-0.92917234, -6.1076285e-8, 0.36964682), (-1, -1.1093376e-7, -0.0000010177554), (-0.9145256, -0.18416053, 0.36017743), (-1, -1.1093376e-7, -0.0000010177554), (-0.98102796, -0.19383012, -0.0037610666), (-0.38338503, 0.90771925, 0.17047545), (-0.21960486, 0.9697533, 0.10654698), (-0.22671539, 0.97377783, 0.018892253), (-0.38338503, 0.90771925, 0.17047545), (-0.22671539, 0.97377783, 0.018892253), (-0.39695072, 0.9176673, 0.017803673), (-0.86804265, -0.36354515, 0.33813742), (-0.9145256, -0.18416053, 0.36017743), (-0.98102796, -0.19383012, -0.0037610666), (-0.86804265, -0.36354515, 0.33813742), (-0.98102796, -0.19383012, -0.0037610666), (-0.92487293, -0.38020486, -0.007376855), (-0.54002935, 0.8093689, 0.23084685), (-0.38338503, 0.90771925, 0.17047545), (-0.39695072, 0.9176673, 0.017803673), (-0.54002935, 0.8093689, 0.23084685), (-0.39695072, 0.9176673, 0.017803673), (-0.56349325, 0.82596534, 0.016024515), (-0.79002434, -0.5325347, 0.30375692), (-0.86804265, -0.36354515, 0.33813742), (-0.92487293, -0.38020486, -0.007376855), (-0.79002434, -0.5325347, 0.30375692), (-0.92487293, -0.38020486, -0.007376855), (-0.8338071, -0.551952, -0.010708834), (-0.67550474, 0.68121374, 0.28220767), (-0.54002935, 0.8093689, 0.23084685), (-0.56349325, 0.82596534, 0.016024515), (-0.67550474, 0.68121374, 0.28220767), (-0.56349325, 0.82596534, 0.016024515), (-0.71158403, 0.7024688, 0.013628471), (-0.6816612, -0.6848082, 0.25763512), (-0.79002434, -0.5325347, 0.30375692), (-0.8338071, -0.551952, -0.010708834), (-0.6816612, -0.6848082, 0.25763512), (-0.8338071, -0.551952, -0.010708834), (-0.71158403, -0.7024688, -0.013628988), (-0.7842757, 0.530012, 0.32248864), (-0.67550474, 0.68121374, 0.28220767), (-0.71158403, 0.7024688, 0.013628471), (-0.7842757, 0.530012, 0.32248864), (-0.71158403, 0.7024688, 0.013628471), (-0.8338071, 0.551952, 0.010708035), (-0.5458161, -0.8134276, 0.20104812), (-0.6816612, -0.6848082, 0.25763512), (-0.71158403, -0.7024688, -0.013628988), (-0.5458161, -0.8134276, 0.20104812), (-0.71158403, -0.7024688, -0.013628988), (-0.56349325, -0.82596534, -0.016024895), (-0.8635803, 0.36225048, 0.35071906), (-0.7842757, 0.530012, 0.32248864), (-0.8338071, 0.551952, 0.010708035), (-0.8635803, 0.36225048, 0.35071906), (-0.8338071, 0.551952, 0.010708035), (-0.92487293, 0.3802048, 0.0073759845), (-0.3883653, -0.9113438, 0.13647349), (-0.5458161, -0.8134276, 0.20104812), (-0.56349325, -0.82596534, -0.016024895), (-0.3883653, -0.9113438, 0.13647349), (-0.56349325, -0.82596534, -0.016024895), (-0.39695066, -0.9176673, -0.01780379), (-0.9120867, 0.18380952, 0.3664861), (-0.8635803, 0.36225048, 0.35071906), (-0.92487293, 0.3802048, 0.0073759845), (-0.9120867, 0.18380952, 0.3664861), (-0.92487293, 0.3802048, 0.0073759845), (-0.98102796, 0.19383025, 0.0037598973), (-0.22382183, -0.97212666, 0.06981189), (-0.3883653, -0.9113438, 0.13647349), (-0.39695066, -0.9176673, -0.01780379), (-0.22382183, -0.97212666, 0.06981189), (-0.39695066, -0.9176673, -0.01780379), (-0.22671536, -0.97377783, -0.0188924), (-0.92917234, -6.1076285e-8, 0.36964682), (-0.9120867, 0.18380952, 0.3664861), (-0.98102796, 0.19383025, 0.0037598973), (-0.92917234, -6.1076285e-8, 0.36964682), (-0.98102796, 0.19383025, 0.0037598973), (-1, -1.1093376e-7, -0.0000010177554), (-0.21960486, 0.9697533, 0.10654698), (-3.306464e-10, 1, -9.801606e-9), (-0.22671539, 0.97377783, 0.018892253), (-0.56349325, -0.82596534, -0.016024895), (-0.71158403, -0.7024688, -0.013628988), (-0.6755048, -0.6812136, -0.28220794), (-0.56349325, -0.82596534, -0.016024895), (-0.6755048, -0.6812136, -0.28220794), (-0.5400292, -0.8093689, -0.23084757), (-0.92487293, 0.3802048, 0.0073759845), (-0.8338071, 0.551952, 0.010708035), (-0.7900244, 0.5325346, -0.30375737), (-0.92487293, 0.3802048, 0.0073759845), (-0.7900244, 0.5325346, -0.30375737), (-0.8680426, 0.36354512, -0.3381379), (-0.39695066, -0.9176673, -0.01780379), (-0.56349325, -0.82596534, -0.016024895), (-0.5400292, -0.8093689, -0.23084757), (-0.39695066, -0.9176673, -0.01780379), (-0.5400292, -0.8093689, -0.23084757), (-0.38338497, -0.90771914, -0.170476), (-0.98102796, 0.19383025, 0.0037598973), (-0.92487293, 0.3802048, 0.0073759845), (-0.8680426, 0.36354512, -0.3381379), (-0.98102796, 0.19383025, 0.0037598973), (-0.8680426, 0.36354512, -0.3381379), (-0.91452533, 0.18416041, -0.36017856), (-0.22671536, -0.97377783, -0.0188924), (-0.39695066, -0.9176673, -0.01780379), (-0.38338497, -0.90771914, -0.170476), (-0.22671536, -0.97377783, -0.0188924), (-0.38338497, -0.90771914, -0.170476), (-0.21960485, -0.9697533, -0.106547184), (-1, -1.1093376e-7, -0.0000010177554), (-0.98102796, 0.19383025, 0.0037598973), (-0.91452533, 0.18416041, -0.36017856), (-1, -1.1093376e-7, -0.0000010177554), (-0.91452533, 0.18416041, -0.36017856), (-0.9291718, -2.8740722e-8, -0.36964846), (-0.22671539, 0.97377783, 0.018892253), (-3.306464e-10, 1, -9.801606e-9), (-0.22382179, 0.9721266, -0.06981196), (-4.0938405e-10, -1, -9.801606e-9), (-0.22671536, -0.97377783, -0.0188924), (-0.21960485, -0.9697533, -0.106547184), (-0.98102796, -0.19383012, -0.0037610666), (-1, -1.1093376e-7, -0.0000010177554), (-0.9291718, -2.8740722e-8, -0.36964846), (-0.98102796, -0.19383012, -0.0037610666), (-0.9291718, -2.8740722e-8, -0.36964846), (-0.91208625, -0.18380935, -0.3664872), (-0.39695072, 0.9176673, 0.017803673), (-0.22671539, 0.97377783, 0.018892253), (-0.22382179, 0.9721266, -0.06981196), (-0.39695072, 0.9176673, 0.017803673), (-0.22382179, 0.9721266, -0.06981196), (-0.38836524, 0.9113437, -0.13647372), (-0.92487293, -0.38020486, -0.007376855), (-0.98102796, -0.19383012, -0.0037610666), (-0.91208625, -0.18380935, -0.3664872), (-0.92487293, -0.38020486, -0.007376855), (-0.91208625, -0.18380935, -0.3664872), (-0.86358, -0.3622504, -0.35071975), (-0.56349325, 0.82596534, 0.016024515), (-0.39695072, 0.9176673, 0.017803673), (-0.38836524, 0.9113437, -0.13647372), (-0.56349325, 0.82596534, 0.016024515), (-0.38836524, 0.9113437, -0.13647372), (-0.54581606, 0.8134274, -0.20104897), (-0.8338071, -0.551952, -0.010708834), (-0.92487293, -0.38020486, -0.007376855), (-0.86358, -0.3622504, -0.35071975), (-0.8338071, -0.551952, -0.010708834), (-0.86358, -0.3622504, -0.35071975), (-0.78427565, -0.53001183, -0.322489), (-0.71158403, 0.7024688, 0.013628471), (-0.56349325, 0.82596534, 0.016024515), (-0.54581606, 0.8134274, -0.20104897), (-0.71158403, 0.7024688, 0.013628471), (-0.54581606, 0.8134274, -0.20104897), (-0.68166107, 0.6848081, -0.25763568), (-0.71158403, -0.7024688, -0.013628988), (-0.8338071, -0.551952, -0.010708834), (-0.78427565, -0.53001183, -0.322489), (-0.71158403, -0.7024688, -0.013628988), (-0.78427565, -0.53001183, -0.322489), (-0.6755048, -0.6812136, -0.28220794), (-0.8338071, 0.551952, 0.010708035), (-0.71158403, 0.7024688, 0.013628471), (-0.68166107, 0.6848081, -0.25763568), (-0.8338071, 0.551952, 0.010708035), (-0.68166107, 0.6848081, -0.25763568), (-0.7900244, 0.5325346, -0.30375737), (-0.38836524, 0.9113437, -0.13647372), (-0.22382179, 0.9721266, -0.06981196), (-0.21118045, 0.9651305, -0.1546803), (-0.38836524, 0.9113437, -0.13647372), (-0.21118045, 0.9651305, -0.1546803), (-0.3592256, 0.890605, -0.2788902), (-0.86358, -0.3622504, -0.35071975), (-0.91208625, -0.18380935, -0.3664872), (-0.7581923, -0.16227405, -0.6315153), (-0.86358, -0.3622504, -0.35071975), (-0.7581923, -0.16227405, -0.6315153), (-0.7253748, -0.32329622, -0.60770965), (-0.54581606, 0.8134274, -0.20104897), (-0.38836524, 0.9113437, -0.13647372), (-0.3592256, 0.890605, -0.2788902), (-0.54581606, 0.8134274, -0.20104897), (-0.3592256, 0.890605, -0.2788902), (-0.49264628, 0.7770385, -0.39180455), (-0.78427565, -0.53001183, -0.322489), (-0.86358, -0.3622504, -0.35071975), (-0.7253748, -0.32329622, -0.60770965), (-0.78427565, -0.53001183, -0.322489), (-0.7253748, -0.32329622, -0.60770965), (-0.6700042, -0.4813428, -0.56515795), (-0.68166107, 0.6848081, -0.25763568), (-0.54581606, 0.8134274, -0.20104897), (-0.49264628, 0.7770385, -0.39180455), (-0.68166107, 0.6848081, -0.25763568), (-0.49264628, 0.7770385, -0.39180455), (-0.5994899, 0.63804036, -0.48323542), (-0.6755048, -0.6812136, -0.28220794), (-0.78427565, -0.53001183, -0.322489), (-0.6700042, -0.4813428, -0.56515795), (-0.6755048, -0.6812136, -0.28220794), (-0.6700042, -0.4813428, -0.56515795), (-0.5897691, -0.6326939, -0.5018675), (-0.7900244, 0.5325346, -0.30375737), (-0.68166107, 0.6848081, -0.25763568), (-0.5994899, 0.63804036, -0.48323542), (-0.7900244, 0.5325346, -0.30375737), (-0.5994899, 0.63804036, -0.48323542), (-0.67848223, 0.4848475, -0.551892), (-0.5400292, -0.8093689, -0.23084757), (-0.6755048, -0.6812136, -0.28220794), (-0.5897691, -0.6326939, -0.5018675), (-0.5400292, -0.8093689, -0.23084757), (-0.5897691, -0.6326939, -0.5018675), (-0.48280182, -0.7705346, -0.41614762), (-0.8680426, 0.36354512, -0.3381379), (-0.7900244, 0.5325346, -0.30375737), (-0.67848223, 0.4848475, -0.551892), (-0.8680426, 0.36354512, -0.3381379), (-0.67848223, 0.4848475, -0.551892), (-0.731613, 0.32500112, -0.5992636), (-0.38338497, -0.90771914, -0.170476), (-0.5400292, -0.8093689, -0.23084757), (-0.48280182, -0.7705346, -0.41614762), (-0.38338497, -0.90771914, -0.170476), (-0.48280182, -0.7705346, -0.41614762), (-0.35014987, -0.8843829, -0.30864558), (-0.91452533, 0.18416041, -0.36017856), (-0.8680426, 0.36354512, -0.3381379), (-0.731613, 0.32500112, -0.5992636), (-0.91452533, 0.18416041, -0.36017856), (-0.731613, 0.32500112, -0.5992636), (-0.76148844, 0.16272095, -0.62742114), (-0.21960485, -0.9697533, -0.106547184), (-0.38338497, -0.90771914, -0.170476), (-0.35014987, -0.8843829, -0.30864558), (-0.21960485, -0.9697533, -0.106547184), (-0.35014987, -0.8843829, -0.30864558), (-0.20311047, -0.9608521, -0.18843985), (-0.9291718, -2.8740722e-8, -0.36964846), (-0.91452533, 0.18416041, -0.36017856), (-0.76148844, 0.16272095, -0.62742114), (-0.9291718, -2.8740722e-8, -0.36964846), (-0.76148844, 0.16272095, -0.62742114), (-0.77007586, -2.711815e-8, -0.63795245), (-0.22382179, 0.9721266, -0.06981196), (-3.306464e-10, 1, -9.801606e-9), (-0.21118045, 0.9651305, -0.1546803), (-4.0938405e-10, -1, -9.801606e-9), (-0.21960485, -0.9697533, -0.106547184), (-0.20311047, -0.9608521, -0.18843985), (-0.91208625, -0.18380935, -0.3664872), (-0.9291718, -2.8740722e-8, -0.36964846), (-0.77007586, -2.711815e-8, -0.63795245), (-0.91208625, -0.18380935, -0.3664872), (-0.77007586, -2.711815e-8, -0.63795245), (-0.7581923, -0.16227405, -0.6315153), (-0.731613, 0.32500112, -0.5992636), (-0.67848223, 0.4848475, -0.551892), (-0.5451239, 0.4321405, -0.7183972), (-0.731613, 0.32500112, -0.5992636), (-0.5451239, 0.4321405, -0.7183972), (-0.5775065, 0.28476754, -0.7651104), (-0.35014987, -0.8843829, -0.30864558), (-0.48280182, -0.7705346, -0.41614762), (-0.40601188, -0.7226223, -0.55943847), (-0.35014987, -0.8843829, -0.30864558), (-0.40601188, -0.7226223, -0.55943847), (-0.30242473, -0.8536435, -0.42406633), (-0.76148844, 0.16272095, -0.62742114), (-0.731613, 0.32500112, -0.5992636), (-0.5775065, 0.28476754, -0.7651104), (-0.76148844, 0.16272095, -0.62742114), (-0.5775065, 0.28476754, -0.7651104), (-0.5947112, 0.14113805, -0.79145366), (-0.20311047, -0.9608521, -0.18843985), (-0.35014987, -0.8843829, -0.30864558), (-0.30242473, -0.8536435, -0.42406633), (-0.20311047, -0.9608521, -0.18843985), (-0.30242473, -0.8536435, -0.42406633), (-0.17854941, -0.9487533, -0.26074374), (-0.77007586, -2.711815e-8, -0.63795245), (-0.76148844, 0.16272095, -0.62742114), (-0.5947112, 0.14113805, -0.79145366), (-0.77007586, -2.711815e-8, -0.63795245), (-0.5947112, 0.14113805, -0.79145366), (-0.5991297, -7.229404e-8, -0.800652), (-0.21118045, 0.9651305, -0.1546803), (-3.306464e-10, 1, -9.801606e-9), (-0.18984847, 0.9541447, -0.23144199), (-4.0938405e-10, -1, -9.801606e-9), (-0.20311047, -0.9608521, -0.18843985), (-0.17854941, -0.9487533, -0.26074374), (-0.7581923, -0.16227405, -0.6315153), (-0.77007586, -2.711815e-8, -0.63795245), (-0.5991297, -7.229404e-8, -0.800652), (-0.7581923, -0.16227405, -0.6315153), (-0.5991297, -7.229404e-8, -0.800652), (-0.5915883, -0.14075695, -0.79385823), (-0.3592256, 0.890605, -0.2788902), (-0.21118045, 0.9651305, -0.1546803), (-0.18984847, 0.9541447, -0.23144199), (-0.3592256, 0.890605, -0.2788902), (-0.18984847, 0.9541447, -0.23144199), (-0.31430095, 0.8609714, -0.3999292), (-0.7253748, -0.32329622, -0.60770965), (-0.7581923, -0.16227405, -0.6315153), (-0.5915883, -0.14075695, -0.79385823), (-0.7253748, -0.32329622, -0.60770965), (-0.5915883, -0.14075695, -0.79385823), (-0.5714144, -0.28326905, -0.7702236), (-0.49264628, 0.7770385, -0.39180455), (-0.3592256, 0.890605, -0.2788902), (-0.31430095, 0.8609714, -0.3999292), (-0.49264628, 0.7770385, -0.39180455), (-0.31430095, 0.8609714, -0.3999292), (-0.41782206, 0.72964466, -0.5413348), (-0.6700042, -0.4813428, -0.56515795), (-0.7253748, -0.32329622, -0.60770965), (-0.5714144, -0.28326905, -0.7702236), (-0.6700042, -0.4813428, -0.56515795), (-0.5714144, -0.28326905, -0.7702236), (-0.5364126, -0.42889968, -0.726847), (-0.5994899, 0.63804036, -0.48323542), (-0.49264628, 0.7770385, -0.39180455), (-0.41782206, 0.72964466, -0.5413348), (-0.5994899, 0.63804036, -0.48323542), (-0.41782206, 0.72964466, -0.5413348), (-0.49357533, 0.5822881, -0.6460063), (-0.5897691, -0.6326939, -0.5018675), (-0.6700042, -0.4813428, -0.56515795), (-0.5364126, -0.42889968, -0.726847), (-0.5897691, -0.6326939, -0.5018675), (-0.5364126, -0.42889968, -0.726847), (-0.4828605, -0.5769843, -0.65873736), (-0.67848223, 0.4848475, -0.551892), (-0.5994899, 0.63804036, -0.48323542), (-0.49357533, 0.5822881, -0.6460063), (-0.67848223, 0.4848475, -0.551892), (-0.49357533, 0.5822881, -0.6460063), (-0.5451239, 0.4321405, -0.7183972), (-0.48280182, -0.7705346, -0.41614762), (-0.5897691, -0.6326939, -0.5018675), (-0.4828605, -0.5769843, -0.65873736), (-0.48280182, -0.7705346, -0.41614762), (-0.4828605, -0.5769843, -0.65873736), (-0.40601188, -0.7226223, -0.55943847), (-0.5714144, -0.28326905, -0.7702236), (-0.5915883, -0.14075695, -0.79385823), (-0.44241026, -0.12385489, -0.8882192), (-0.5714144, -0.28326905, -0.7702236), (-0.44241026, -0.12385489, -0.8882192), (-0.43013176, -0.2510657, -0.86715215), (-0.41782206, 0.72964466, -0.5413348), (-0.31430095, 0.8609714, -0.3999292), (-0.25922242, 0.8289047, -0.49570224), (-0.41782206, 0.72964466, -0.5413348), (-0.25922242, 0.8289047, -0.49570224), (-0.33414558, 0.68295515, -0.649553), (-0.5364126, -0.42889968, -0.726847), (-0.5714144, -0.28326905, -0.7702236), (-0.43013176, -0.2510657, -0.86715215), (-0.5364126, -0.42889968, -0.726847), (-0.43013176, -0.2510657, -0.86715215), (-0.40852627, -0.38491818, -0.8276138), (-0.49357533, 0.5822881, -0.6460063), (-0.41782206, 0.72964466, -0.5413348), (-0.33414558, 0.68295515, -0.649553), (-0.49357533, 0.5822881, -0.6460063), (-0.33414558, 0.68295515, -0.649553), (-0.3845595, 0.53179026, -0.7545284), (-0.4828605, -0.5769843, -0.65873736), (-0.5364126, -0.42889968, -0.726847), (-0.40852627, -0.38491818, -0.8276138), (-0.4828605, -0.5769843, -0.65873736), (-0.40852627, -0.38491818, -0.8276138), (-0.37415776, -0.52741146, -0.76278645), (-0.5451239, 0.4321405, -0.7183972), (-0.49357533, 0.5822881, -0.6460063), (-0.3845595, 0.53179026, -0.7545284), (-0.5451239, 0.4321405, -0.7183972), (-0.3845595, 0.53179026, -0.7545284), (-0.4165287, 0.38744998, -0.8224271), (-0.40601188, -0.7226223, -0.55943847), (-0.4828605, -0.5769843, -0.65873736), (-0.37415776, -0.52741146, -0.76278645), (-0.40601188, -0.7226223, -0.55943847), (-0.37415776, -0.52741146, -0.76278645), (-0.3218099, -0.67671716, -0.6621876), (-0.5775065, 0.28476754, -0.7651104), (-0.5451239, 0.4321405, -0.7183972), (-0.4165287, 0.38744998, -0.8224271), (-0.5775065, 0.28476754, -0.7651104), (-0.4165287, 0.38744998, -0.8224271), (-0.43552387, 0.2521937, -0.86412805), (-0.30242473, -0.8536435, -0.42406633), (-0.40601188, -0.7226223, -0.55943847), (-0.3218099, -0.67671716, -0.6621876), (-0.30242473, -0.8536435, -0.42406633), (-0.3218099, -0.67671716, -0.6621876), (-0.24573463, -0.82182705, -0.51401836), (-0.5947112, 0.14113805, -0.79145366), (-0.5775065, 0.28476754, -0.7651104), (-0.43552387, 0.2521937, -0.86412805), (-0.5947112, 0.14113805, -0.79145366), (-0.43552387, 0.2521937, -0.86412805), (-0.44511613, 0.12413566, -0.88682693), (-0.17854941, -0.9487533, -0.26074374), (-0.30242473, -0.8536435, -0.42406633), (-0.24573463, -0.82182705, -0.51401836), (-0.17854941, -0.9487533, -0.26074374), (-0.24573463, -0.82182705, -0.51401836), (-0.14760137, -0.9355507, -0.32087195), (-0.5991297, -7.229404e-8, -0.800652), (-0.5947112, 0.14113805, -0.79145366), (-0.44511613, 0.12413566, -0.88682693), (-0.5991297, -7.229404e-8, -0.800652), (-0.44511613, 0.12413566, -0.88682693), (-0.44721314, -5.797202e-8, -0.8944274), (-0.18984847, 0.9541447, -0.23144199), (-3.306464e-10, 1, -9.801606e-9), (-0.16139586, 0.9411485, -0.29696926), (-4.0938405e-10, -1, -9.801606e-9), (-0.17854941, -0.9487533, -0.26074374), (-0.14760137, -0.9355507, -0.32087195), (-0.5915883, -0.14075695, -0.79385823), (-0.5991297, -7.229404e-8, -0.800652), (-0.44721314, -5.797202e-8, -0.8944274), (-0.5915883, -0.14075695, -0.79385823), (-0.44721314, -5.797202e-8, -0.8944274), (-0.44241026, -0.12385489, -0.8882192), (-0.31430095, 0.8609714, -0.3999292), (-0.18984847, 0.9541447, -0.23144199), (-0.16139586, 0.9411485, -0.29696926), (-0.31430095, 0.8609714, -0.3999292), (-0.16139586, 0.9411485, -0.29696926), (-0.25922242, 0.8289047, -0.49570224), (-0.24573463, -0.82182705, -0.51401836), (-0.3218099, -0.67671716, -0.6621876), (-0.23703152, -0.63897234, -0.7317995), (-0.24573463, -0.82182705, -0.51401836), (-0.23703152, -0.63897234, -0.7317995), (-0.18436368, -0.7938009, -0.57956046), (-0.44511613, 0.12413566, -0.88682693), (-0.43552387, 0.2521937, -0.86412805), (-0.3108763, 0.22866523, -0.9225336), (-0.44511613, 0.12413566, -0.88682693), (-0.3108763, 0.22866523, -0.9225336), (-0.31605247, 0.11207682, -0.94209856), (-0.14760137, -0.9355507, -0.32087195), (-0.24573463, -0.82182705, -0.51401836), (-0.18436368, -0.7938009, -0.57956046), (-0.14760137, -0.9355507, -0.32087195), (-0.18436368, -0.7938009, -0.57956046), (-0.111978754, -0.92329, -0.36741865), (-0.44721314, -5.797202e-8, -0.8944274), (-0.44511613, 0.12413566, -0.88682693), (-0.31605247, 0.11207682, -0.94209856), (-0.44721314, -5.797202e-8, -0.8944274), (-0.31605247, 0.11207682, -0.94209856), (-0.31687272, -5.4796637e-8, -0.94846815), (-0.16139586, 0.9411485, -0.29696926), (-3.306464e-10, 1, -9.801606e-9), (-0.12755524, 0.92825663, -0.34938428), (-4.0938405e-10, -1, -9.801606e-9), (-0.14760137, -0.9355507, -0.32087195), (-0.111978754, -0.92329, -0.36741865), (-0.44241026, -0.12385489, -0.8882192), (-0.44721314, -5.797202e-8, -0.8944274), (-0.31687272, -5.4796637e-8, -0.94846815), (-0.44241026, -0.12385489, -0.8882192), (-0.31687272, -5.4796637e-8, -0.94846815), (-0.31370875, -0.111885704, -0.94290435), (-0.25922242, 0.8289047, -0.49570224), (-0.16139586, 0.9411485, -0.29696926), (-0.12755524, 0.92825663, -0.34938428), (-0.25922242, 0.8289047, -0.49570224), (-0.12755524, 0.92825663, -0.34938428), (-0.1986299, 0.79968286, -0.5666159), (-0.43013176, -0.2510657, -0.86715215), (-0.44241026, -0.12385489, -0.8882192), (-0.31370875, -0.111885704, -0.94290435), (-0.43013176, -0.2510657, -0.86715215), (-0.31370875, -0.111885704, -0.94290435), (-0.30614257, -0.2278872, -0.92430747), (-0.33414558, 0.68295515, -0.649553), (-0.25922242, 0.8289047, -0.49570224), (-0.1986299, 0.79968286, -0.5666159), (-0.33414558, 0.68295515, -0.649553), (-0.1986299, 0.79968286, -0.5666159), (-0.24921237, 0.64381194, -0.7234635), (-0.40852627, -0.38491818, -0.8276138), (-0.43013176, -0.2510657, -0.86715215), (-0.30614257, -0.2278872, -0.92430747), (-0.40852627, -0.38491818, -0.8276138), (-0.30614257, -0.2278872, -0.92430747), (-0.29285404, -0.3523239, -0.8888782), (-0.3845595, 0.53179026, -0.7545284), (-0.33414558, 0.68295515, -0.649553), (-0.24921237, 0.64381194, -0.7234635), (-0.3845595, 0.53179026, -0.7545284), (-0.24921237, 0.64381194, -0.7234635), (-0.28098744, 0.4922308, -0.82386583), (-0.37415776, -0.52741146, -0.76278645), (-0.40852627, -0.38491818, -0.8276138), (-0.29285404, -0.3523239, -0.8888782), (-0.37415776, -0.52741146, -0.76278645), (-0.29285404, -0.3523239, -0.8888782), (-0.27126285, -0.4890144, -0.8290244), (-0.4165287, 0.38744998, -0.8224271), (-0.3845595, 0.53179026, -0.7545284), (-0.28098744, 0.4922308, -0.82386583), (-0.4165287, 0.38744998, -0.8224271), (-0.28098744, 0.4922308, -0.82386583), (-0.30005428, 0.35411376, -0.88576007), (-0.3218099, -0.67671716, -0.6621876), (-0.37415776, -0.52741146, -0.76278645), (-0.27126285, -0.4890144, -0.8290244), (-0.3218099, -0.67671716, -0.6621876), (-0.27126285, -0.4890144, -0.8290244), (-0.23703152, -0.63897234, -0.7317995), (-0.43552387, 0.2521937, -0.86412805), (-0.4165287, 0.38744998, -0.8224271), (-0.30005428, 0.35411376, -0.88576007), (-0.43552387, 0.2521937, -0.86412805), (-0.30005428, 0.35411376, -0.88576007), (-0.3108763, 0.22866523, -0.9225336), (-0.24921237, 0.64381194, -0.7234635), (-0.1986299, 0.79968286, -0.5666159), (-0.13553926, 0.7767407, -0.6150634), (-0.24921237, 0.64381194, -0.7234635), (-0.13553926, 0.7767407, -0.6150634), (-0.16609195, 0.6150693, -0.7707809), (-0.29285404, -0.3523239, -0.8888782), (-0.30614257, -0.2278872, -0.92430747), (-0.19602454, -0.21262196, -0.95727026), (-0.29285404, -0.3523239, -0.8888782), (-0.19602454, -0.21262196, -0.95727026), (-0.1880807, -0.33046538, -0.92488825), (-0.28098744, 0.4922308, -0.82386583), (-0.24921237, 0.64381194, -0.7234635), (-0.16609195, 0.6150693, -0.7707809), (-0.28098744, 0.4922308, -0.82386583), (-0.16609195, 0.6150693, -0.7707809), (-0.18426207, 0.4645912, -0.86614245), (-0.27126285, -0.4890144, -0.8290244), (-0.29285404, -0.3523239, -0.8888782), (-0.1880807, -0.33046538, -0.92488825), (-0.27126285, -0.4890144, -0.8290244), (-0.1880807, -0.33046538, -0.92488825), (-0.17514832, -0.4625147, -0.8691393), (-0.30005428, 0.35411376, -0.88576007), (-0.28098744, 0.4922308, -0.82386583), (-0.18426207, 0.4645912, -0.86614245), (-0.30005428, 0.35411376, -0.88576007), (-0.18426207, 0.4645912, -0.86614245), (-0.19466606, 0.33159292, -0.9231205), (-0.23703152, -0.63897234, -0.7317995), (-0.27126285, -0.4890144, -0.8290244), (-0.17514832, -0.4625147, -0.8691393), (-0.23703152, -0.63897234, -0.7317995), (-0.17514832, -0.4625147, -0.8691393), (-0.15425016, -0.61182857, -0.7758046), (-0.3108763, 0.22866523, -0.9225336), (-0.30005428, 0.35411376, -0.88576007), (-0.19466606, 0.33159292, -0.9231205), (-0.3108763, 0.22866523, -0.9225336), (-0.19466606, 0.33159292, -0.9231205), (-0.20028952, 0.21310481, -0.9562796), (-0.18436368, -0.7938009, -0.57956046), (-0.23703152, -0.63897234, -0.7317995), (-0.15425016, -0.61182857, -0.7758046), (-0.18436368, -0.7938009, -0.57956046), (-0.15425016, -0.61182857, -0.7758046), (-0.12096882, -0.7726026, -0.62325895), (-0.31605247, 0.11207682, -0.94209856), (-0.3108763, 0.22866523, -0.9225336), (-0.20028952, 0.21310481, -0.9562796), (-0.31605247, 0.11207682, -0.94209856), (-0.20028952, 0.21310481, -0.9562796), (-0.20274793, 0.104196064, -0.97367173), (-0.111978754, -0.92329, -0.36741865), (-0.18436368, -0.7938009, -0.57956046), (-0.12096882, -0.7726026, -0.62325895), (-0.111978754, -0.92329, -0.36741865), (-0.12096882, -0.7726026, -0.62325895), (-0.07321535, -0.913658, -0.39983562), (-0.31687272, -5.4796637e-8, -0.94846815), (-0.31605247, 0.11207682, -0.94209856), (-0.20274793, 0.104196064, -0.97367173), (-0.31687272, -5.4796637e-8, -0.94846815), (-0.20274793, 0.104196064, -0.97367173), (-0.20280276, -6.106984e-8, -0.9792196), (-0.12755524, 0.92825663, -0.34938428), (-3.306464e-10, 1, -9.801606e-9), (-0.08995253, 0.91733414, -0.3878229), (-4.0938405e-10, -1, -9.801606e-9), (-0.111978754, -0.92329, -0.36741865), (-0.07321535, -0.913658, -0.39983562), (-0.31370875, -0.111885704, -0.94290435), (-0.31687272, -5.4796637e-8, -0.94846815), (-0.20280276, -6.106984e-8, -0.9792196), (-0.31370875, -0.111885704, -0.94290435), (-0.20280276, -6.106984e-8, -0.9792196), (-0.20065352, -0.104078375, -0.974118), (-0.1986299, 0.79968286, -0.5666159), (-0.12755524, 0.92825663, -0.34938428), (-0.08995253, 0.91733414, -0.3878229), (-0.1986299, 0.79968286, -0.5666159), (-0.08995253, 0.91733414, -0.3878229), (-0.13553926, 0.7767407, -0.6150634), (-0.30614257, -0.2278872, -0.92430747), (-0.31370875, -0.111885704, -0.94290435), (-0.20065352, -0.104078375, -0.974118), (-0.30614257, -0.2278872, -0.92430747), (-0.20065352, -0.104078375, -0.974118), (-0.19602454, -0.21262196, -0.95727026), (-0.20274793, 0.104196064, -0.97367173), (-0.20028952, 0.21310481, -0.9562796), (-0.09888142, 0.20426536, -0.9739088), (-0.20274793, 0.104196064, -0.97367173), (-0.09888142, 0.20426536, -0.9739088), (-0.09945102, 0.09975827, -0.9900293), (-0.07321535, -0.913658, -0.39983562), (-0.12096882, -0.7726026, -0.62325895), (-0.05689334, -0.7598452, -0.6476099), (-0.07321535, -0.913658, -0.39983562), (-0.05689334, -0.7598452, -0.6476099), (-0.03259772, -0.9078426, -0.41804224), (-0.20280276, -6.106984e-8, -0.9792196), (-0.20274793, 0.104196064, -0.97367173), (-0.09945102, 0.09975827, -0.9900293), (-0.20280276, -6.106984e-8, -0.9792196), (-0.09945102, 0.09975827, -0.9900293), (-0.09896771, -1.6357498e-8, -0.99509066), (-0.08995253, 0.91733414, -0.3878229), (-3.306464e-10, 1, -9.801606e-9), (-0.049979363, 0.9097889, -0.41205147), (-4.0938405e-10, -1, -9.801606e-9), (-0.07321535, -0.913658, -0.39983562), (-0.03259772, -0.9078426, -0.41804224), (-0.20065352, -0.104078375, -0.974118), (-0.20280276, -6.106984e-8, -0.9792196), (-0.09896771, -1.6357498e-8, -0.99509066), (-0.20065352, -0.104078375, -0.974118), (-0.09896771, -1.6357498e-8, -0.99509066), (-0.09749813, -0.09970231, -0.99022907), (-0.13553926, 0.7767407, -0.6150634), (-0.08995253, 0.91733414, -0.3878229), (-0.049979363, 0.9097889, -0.41205147), (-0.13553926, 0.7767407, -0.6150634), (-0.049979363, 0.9097889, -0.41205147), (-0.07155125, 0.7619674, -0.6436506), (-0.19602454, -0.21262196, -0.95727026), (-0.20065352, -0.104078375, -0.974118), (-0.09749813, -0.09970231, -0.99022907), (-0.19602454, -0.21262196, -0.95727026), (-0.09749813, -0.09970231, -0.99022907), (-0.09488741, -0.2040349, -0.9743543), (-0.16609195, 0.6150693, -0.7707809), (-0.13553926, 0.7767407, -0.6150634), (-0.07155125, 0.7619674, -0.6436506), (-0.16609195, 0.6150693, -0.7707809), (-0.07155125, 0.7619674, -0.6436506), (-0.08520889, 0.597499, -0.79732966), (-0.1880807, -0.33046538, -0.92488825), (-0.19602454, -0.21262196, -0.95727026), (-0.09488741, -0.2040349, -0.9743543), (-0.1880807, -0.33046538, -0.92488825), (-0.09488741, -0.2040349, -0.9743543), (-0.09071264, -0.31806773, -0.9437183), (-0.18426207, 0.4645912, -0.86614245), (-0.16609195, 0.6150693, -0.7707809), (-0.08520889, 0.597499, -0.79732966), (-0.18426207, 0.4645912, -0.86614245), (-0.08520889, 0.597499, -0.79732966), (-0.09285574, 0.4482844, -0.88905513), (-0.17514832, -0.4625147, -0.8691393), (-0.1880807, -0.33046538, -0.92488825), (-0.09071264, -0.31806773, -0.9437183), (-0.17514832, -0.4625147, -0.8691393), (-0.09071264, -0.31806773, -0.9437183), (-0.08413512, -0.44727153, -0.8904322), (-0.19466606, 0.33159292, -0.9231205), (-0.18426207, 0.4645912, -0.86614245), (-0.09285574, 0.4482844, -0.88905513), (-0.19466606, 0.33159292, -0.9231205), (-0.09285574, 0.4482844, -0.88905513), (-0.096930034, 0.31861043, -0.94291675), (-0.15425016, -0.61182857, -0.7758046), (-0.17514832, -0.4625147, -0.8691393), (-0.08413512, -0.44727153, -0.8904322), (-0.15425016, -0.61182857, -0.7758046), (-0.08413512, -0.44727153, -0.8904322), (-0.073639974, -0.59588486, -0.79968643), (-0.20028952, 0.21310481, -0.9562796), (-0.19466606, 0.33159292, -0.9231205), (-0.096930034, 0.31861043, -0.94291675), (-0.20028952, 0.21310481, -0.9562796), (-0.096930034, 0.31861043, -0.94291675), (-0.09888142, 0.20426536, -0.9739088), (-0.12096882, -0.7726026, -0.62325895), (-0.15425016, -0.61182857, -0.7758046), (-0.073639974, -0.59588486, -0.79968643), (-0.12096882, -0.7726026, -0.62325895), (-0.073639974, -0.59588486, -0.79968643), (-0.05689334, -0.7598452, -0.6476099), (-0.09071264, -0.31806773, -0.9437183), (-0.09488741, -0.2040349, -0.9743543), (0.0019532247, -0.201335, -0.9795205), (-0.09071264, -0.31806773, -0.9437183), (0.0019532247, -0.201335, -0.9795205), (0.0030482046, -0.31421736, -0.94934624), (-0.09285574, 0.4482844, -0.88905513), (-0.08520889, 0.597499, -0.79732966), (-0.0057341172, 0.59112525, -0.8065594), (-0.09285574, 0.4482844, -0.88905513), (-0.0057341172, 0.59112525, -0.8065594), (-0.0042934683, 0.44260898, -0.89670455), (-0.08413512, -0.44727153, -0.8904322), (-0.09071264, -0.31806773, -0.9437183), (0.0030482046, -0.31421736, -0.94934624), (-0.08413512, -0.44727153, -0.8904322), (0.0030482046, -0.31421736, -0.94934624), (0.0042936513, -0.44260892, -0.8967045), (-0.096930034, 0.31861043, -0.94291675), (-0.09285574, 0.4482844, -0.88905513), (-0.0042934683, 0.44260898, -0.89670455), (-0.096930034, 0.31861043, -0.94291675), (-0.0042934683, 0.44260898, -0.89670455), (-0.0030479757, 0.31421733, -0.94934624), (-0.073639974, -0.59588486, -0.79968643), (-0.08413512, -0.44727153, -0.8904322), (0.0042936513, -0.44260892, -0.8967045), (-0.073639974, -0.59588486, -0.79968643), (0.0042936513, -0.44260892, -0.8967045), (0.005734355, -0.5911253, -0.80655944), (-0.09888142, 0.20426536, -0.9739088), (-0.096930034, 0.31861043, -0.94291675), (-0.0030479757, 0.31421733, -0.94934624), (-0.09888142, 0.20426536, -0.9739088), (-0.0030479757, 0.31421733, -0.94934624), (-0.0019529515, 0.201335, -0.9795205), (-0.05689334, -0.7598452, -0.6476099), (-0.073639974, -0.59588486, -0.79968643), (0.005734355, -0.5911253, -0.80655944), (-0.05689334, -0.7598452, -0.6476099), (0.005734355, -0.5911253, -0.80655944), (0.0073360344, -0.7562435, -0.6542491), (-0.09945102, 0.09975827, -0.9900293), (-0.09888142, 0.20426536, -0.9739088), (-0.0019529515, 0.201335, -0.9795205), (-0.09945102, 0.09975827, -0.9900293), (-0.0019529515, 0.201335, -0.9795205), (-0.00095347327, 0.09831057, -0.99515533), (-0.03259772, -0.9078426, -0.41804224), (-0.05689334, -0.7598452, -0.6476099), (0.0073360344, -0.7562435, -0.6542491), (-0.03259772, -0.9078426, -0.41804224), (0.0073360344, -0.7562435, -0.6542491), (0.00879361, -0.9065041, -0.42210543), (-0.09896771, -1.6357498e-8, -0.99509066), (-0.09945102, 0.09975827, -0.9900293), (-0.00095347327, 0.09831057, -0.99515533), (-0.09896771, -1.6357498e-8, -0.99509066), (-0.00095347327, 0.09831057, -0.99515533), (2.1820615e-7, 1.5220834e-8, -1), (-0.049979363, 0.9097889, -0.41205147), (-3.306464e-10, 1, -9.801606e-9), (-0.008793543, 0.9065041, -0.42210543), (-4.0938405e-10, -1, -9.801606e-9), (-0.03259772, -0.9078426, -0.41804224), (0.00879361, -0.9065041, -0.42210543), (-0.09749813, -0.09970231, -0.99022907), (-0.09896771, -1.6357498e-8, -0.99509066), (2.1820615e-7, 1.5220834e-8, -1), (-0.09749813, -0.09970231, -0.99022907), (2.1820615e-7, 1.5220834e-8, -1), (0.00095388124, -0.09831061, -0.99515533), (-0.07155125, 0.7619674, -0.6436506), (-0.049979363, 0.9097889, -0.41205147), (-0.008793543, 0.9065041, -0.42210543), (-0.07155125, 0.7619674, -0.6436506), (-0.008793543, 0.9065041, -0.42210543), (-0.0073359488, 0.7562436, -0.6542491), (-0.09488741, -0.2040349, -0.9743543), (-0.09749813, -0.09970231, -0.99022907), (0.00095388124, -0.09831061, -0.99515533), (-0.09488741, -0.2040349, -0.9743543), (0.00095388124, -0.09831061, -0.99515533), (0.0019532247, -0.201335, -0.9795205), (-0.08520889, 0.597499, -0.79732966), (-0.07155125, 0.7619674, -0.6436506), (-0.0073359488, 0.7562436, -0.6542491), (-0.08520889, 0.597499, -0.79732966), (-0.0073359488, 0.7562436, -0.6542491), (-0.0057341172, 0.59112525, -0.8065594), (0.00879361, -0.9065041, -0.42210543), (0.0073360344, -0.7562435, -0.6542491), (0.07155145, -0.7619675, -0.64365065), (0.00879361, -0.9065041, -0.42210543), (0.07155145, -0.7619675, -0.64365065), (0.049979486, -0.9097889, -0.4120514), (2.1820615e-7, 1.5220834e-8, -1), (-0.00095347327, 0.09831057, -0.99515533), (0.097498536, 0.09970238, -0.990229), (2.1820615e-7, 1.5220834e-8, -1), (0.097498536, 0.09970238, -0.990229), (0.09896822, 1.8362005e-8, -0.9950906), (-0.008793543, 0.9065041, -0.42210543), (-3.306464e-10, 1, -9.801606e-9), (0.032597758, 0.9078426, -0.4180422), (-4.0938405e-10, -1, -9.801606e-9), (0.00879361, -0.9065041, -0.42210543), (0.049979486, -0.9097889, -0.4120514), (0.00095388124, -0.09831061, -0.99515533), (2.1820615e-7, 1.5220834e-8, -1), (0.09896822, 1.8362005e-8, -0.9950906), (0.00095388124, -0.09831061, -0.99515533), (0.09896822, 1.8362005e-8, -0.9950906), (0.099451505, -0.099758394, -0.9900292), (-0.0073359488, 0.7562436, -0.6542491), (-0.008793543, 0.9065041, -0.42210543), (0.032597758, 0.9078426, -0.4180422), (-0.0073359488, 0.7562436, -0.6542491), (0.032597758, 0.9078426, -0.4180422), (0.056893513, 0.7598452, -0.6476098), (0.0019532247, -0.201335, -0.9795205), (0.00095388124, -0.09831061, -0.99515533), (0.099451505, -0.099758394, -0.9900292), (0.0019532247, -0.201335, -0.9795205), (0.099451505, -0.099758394, -0.9900292), (0.09888165, -0.20426525, -0.9739088), (-0.0057341172, 0.59112525, -0.8065594), (-0.0073359488, 0.7562436, -0.6542491), (0.056893513, 0.7598452, -0.6476098), (-0.0057341172, 0.59112525, -0.8065594), (0.056893513, 0.7598452, -0.6476098), (0.07364026, 0.5958848, -0.79968643), (0.0030482046, -0.31421736, -0.94934624), (0.0019532247, -0.201335, -0.9795205), (0.09888165, -0.20426525, -0.9739088), (0.0030482046, -0.31421736, -0.94934624), (0.09888165, -0.20426525, -0.9739088), (0.096930236, -0.31861043, -0.9429167), (-0.0042934683, 0.44260898, -0.89670455), (-0.0057341172, 0.59112525, -0.8065594), (0.07364026, 0.5958848, -0.79968643), (-0.0042934683, 0.44260898, -0.89670455), (0.07364026, 0.5958848, -0.79968643), (0.08413532, 0.4472716, -0.8904321), (0.0042936513, -0.44260892, -0.8967045), (0.0030482046, -0.31421736, -0.94934624), (0.096930236, -0.31861043, -0.9429167), (0.0042936513, -0.44260892, -0.8967045), (0.096930236, -0.31861043, -0.9429167), (0.09285594, -0.44828448, -0.88905513), (-0.0030479757, 0.31421733, -0.94934624), (-0.0042934683, 0.44260898, -0.89670455), (0.08413532, 0.4472716, -0.8904321), (-0.0030479757, 0.31421733, -0.94934624), (0.08413532, 0.4472716, -0.8904321), (0.090712875, 0.31806767, -0.9437183), (0.005734355, -0.5911253, -0.80655944), (0.0042936513, -0.44260892, -0.8967045), (0.09285594, -0.44828448, -0.88905513), (0.005734355, -0.5911253, -0.80655944), (0.09285594, -0.44828448, -0.88905513), (0.08520914, -0.597499, -0.7973296), (-0.0019529515, 0.201335, -0.9795205), (-0.0030479757, 0.31421733, -0.94934624), (0.090712875, 0.31806767, -0.9437183), (-0.0019529515, 0.201335, -0.9795205), (0.090712875, 0.31806767, -0.9437183), (0.09488764, 0.20403488, -0.9743543), (0.0073360344, -0.7562435, -0.6542491), (0.005734355, -0.5911253, -0.80655944), (0.08520914, -0.597499, -0.7973296), (0.0073360344, -0.7562435, -0.6542491), (0.08520914, -0.597499, -0.7973296), (0.07155145, -0.7619675, -0.64365065), (-0.00095347327, 0.09831057, -0.99515533), (-0.0019529515, 0.201335, -0.9795205), (0.09488764, 0.20403488, -0.9743543), (-0.00095347327, 0.09831057, -0.99515533), (0.09488764, 0.20403488, -0.9743543), (0.097498536, 0.09970238, -0.990229), (0.09285594, -0.44828448, -0.88905513), (0.096930236, -0.31861043, -0.9429167), (0.19466633, -0.33159298, -0.92312044), (0.09285594, -0.44828448, -0.88905513), (0.19466633, -0.33159298, -0.92312044), (0.18426219, -0.46459115, -0.86614233), (0.090712875, 0.31806767, -0.9437183), (0.08413532, 0.4472716, -0.8904321), (0.17514843, 0.46251485, -0.86913925), (0.090712875, 0.31806767, -0.9437183), (0.17514843, 0.46251485, -0.86913925), (0.1880809, 0.3304653, -0.92488825), (0.08520914, -0.597499, -0.7973296), (0.09285594, -0.44828448, -0.88905513), (0.18426219, -0.46459115, -0.86614233), (0.08520914, -0.597499, -0.7973296), (0.18426219, -0.46459115, -0.86614233), (0.16609222, -0.61506945, -0.77078074), (0.09488764, 0.20403488, -0.9743543), (0.090712875, 0.31806767, -0.9437183), (0.1880809, 0.3304653, -0.92488825), (0.09488764, 0.20403488, -0.9743543), (0.1880809, 0.3304653, -0.92488825), (0.19602475, 0.21262199, -0.95727026), (0.07155145, -0.7619675, -0.64365065), (0.08520914, -0.597499, -0.7973296), (0.16609222, -0.61506945, -0.77078074), (0.07155145, -0.7619675, -0.64365065), (0.16609222, -0.61506945, -0.77078074), (0.13553958, -0.7767408, -0.61506337), (0.097498536, 0.09970238, -0.990229), (0.09488764, 0.20403488, -0.9743543), (0.19602475, 0.21262199, -0.95727026), (0.097498536, 0.09970238, -0.990229), (0.19602475, 0.21262199, -0.95727026), (0.2006538, 0.10407845, -0.97411793), (0.049979486, -0.9097889, -0.4120514), (0.07155145, -0.7619675, -0.64365065), (0.13553958, -0.7767408, -0.61506337), (0.049979486, -0.9097889, -0.4120514), (0.13553958, -0.7767408, -0.61506337), (0.08995263, -0.91733414, -0.38782287), (0.09896822, 1.8362005e-8, -0.9950906), (0.097498536, 0.09970238, -0.990229), (0.2006538, 0.10407845, -0.97411793), (0.09896822, 1.8362005e-8, -0.9950906), (0.2006538, 0.10407845, -0.97411793), (0.20280334, -5.064798e-8, -0.97921956), (0.032597758, 0.9078426, -0.4180422), (-3.306464e-10, 1, -9.801606e-9), (0.07321548, 0.9136581, -0.39983553), (-4.0938405e-10, -1, -9.801606e-9), (0.049979486, -0.9097889, -0.4120514), (0.08995263, -0.91733414, -0.38782287), (0.099451505, -0.099758394, -0.9900292), (0.09896822, 1.8362005e-8, -0.9950906), (0.20280334, -5.064798e-8, -0.97921956), (0.099451505, -0.099758394, -0.9900292), (0.20280334, -5.064798e-8, -0.97921956), (0.20274825, -0.10419607, -0.9736716), (0.056893513, 0.7598452, -0.6476098), (0.032597758, 0.9078426, -0.4180422), (0.07321548, 0.9136581, -0.39983553), (0.056893513, 0.7598452, -0.6476098), (0.07321548, 0.9136581, -0.39983553), (0.12096912, 0.7726027, -0.6232588), (0.09888165, -0.20426525, -0.9739088), (0.099451505, -0.099758394, -0.9900292), (0.20274825, -0.10419607, -0.9736716), (0.09888165, -0.20426525, -0.9739088), (0.20274825, -0.10419607, -0.9736716), (0.20028958, -0.21310468, -0.9562795), (0.07364026, 0.5958848, -0.79968643), (0.056893513, 0.7598452, -0.6476098), (0.12096912, 0.7726027, -0.6232588), (0.07364026, 0.5958848, -0.79968643), (0.12096912, 0.7726027, -0.6232588), (0.15425052, 0.61182857, -0.7758045), (0.096930236, -0.31861043, -0.9429167), (0.09888165, -0.20426525, -0.9739088), (0.20028958, -0.21310468, -0.9562795), (0.096930236, -0.31861043, -0.9429167), (0.20028958, -0.21310468, -0.9562795), (0.19466633, -0.33159298, -0.92312044), (0.08413532, 0.4472716, -0.8904321), (0.07364026, 0.5958848, -0.79968643), (0.15425052, 0.61182857, -0.7758045), (0.08413532, 0.4472716, -0.8904321), (0.15425052, 0.61182857, -0.7758045), (0.17514843, 0.46251485, -0.86913925), (0.07321548, 0.9136581, -0.39983553), (-3.306464e-10, 1, -9.801606e-9), (0.1119789, 0.92328995, -0.3674186), (-4.0938405e-10, -1, -9.801606e-9), (0.08995263, -0.91733414, -0.38782287), (0.12755536, -0.9282566, -0.34938425), (0.20274825, -0.10419607, -0.9736716), (0.20280334, -5.064798e-8, -0.97921956), (0.31687334, -5.5816965e-8, -0.94846785), (0.20274825, -0.10419607, -0.9736716), (0.31687334, -5.5816965e-8, -0.94846785), (0.3160528, -0.11207671, -0.94209844), (0.12096912, 0.7726027, -0.6232588), (0.07321548, 0.9136581, -0.39983553), (0.1119789, 0.92328995, -0.3674186), (0.12096912, 0.7726027, -0.6232588), (0.1119789, 0.92328995, -0.3674186), (0.18436398, 0.79380083, -0.5795604), (0.20028958, -0.21310468, -0.9562795), (0.20274825, -0.10419607, -0.9736716), (0.3160528, -0.11207671, -0.94209844), (0.20028958, -0.21310468, -0.9562795), (0.3160528, -0.11207671, -0.94209844), (0.31087652, -0.22866525, -0.92253345), (0.15425052, 0.61182857, -0.7758045), (0.12096912, 0.7726027, -0.6232588), (0.18436398, 0.79380083, -0.5795604), (0.15425052, 0.61182857, -0.7758045), (0.18436398, 0.79380083, -0.5795604), (0.23703177, 0.63897246, -0.73179924), (0.19466633, -0.33159298, -0.92312044), (0.20028958, -0.21310468, -0.9562795), (0.31087652, -0.22866525, -0.92253345), (0.19466633, -0.33159298, -0.92312044), (0.31087652, -0.22866525, -0.92253345), (0.30005452, -0.35411373, -0.88576007), (0.17514843, 0.46251485, -0.86913925), (0.15425052, 0.61182857, -0.7758045), (0.23703177, 0.63897246, -0.73179924), (0.17514843, 0.46251485, -0.86913925), (0.23703177, 0.63897246, -0.73179924), (0.27126303, 0.48901457, -0.8290243), (0.18426219, -0.46459115, -0.86614233), (0.19466633, -0.33159298, -0.92312044), (0.30005452, -0.35411373, -0.88576007), (0.18426219, -0.46459115, -0.86614233), (0.30005452, -0.35411373, -0.88576007), (0.2809876, -0.49223086, -0.8238659), (0.1880809, 0.3304653, -0.92488825), (0.17514843, 0.46251485, -0.86913925), (0.27126303, 0.48901457, -0.8290243), (0.1880809, 0.3304653, -0.92488825), (0.27126303, 0.48901457, -0.8290243), (0.29285437, 0.3523238, -0.88887817), (0.16609222, -0.61506945, -0.77078074), (0.18426219, -0.46459115, -0.86614233), (0.2809876, -0.49223086, -0.8238659), (0.16609222, -0.61506945, -0.77078074), (0.2809876, -0.49223086, -0.8238659), (0.24921267, -0.64381224, -0.72346306), (0.19602475, 0.21262199, -0.95727026), (0.1880809, 0.3304653, -0.92488825), (0.29285437, 0.3523238, -0.88887817), (0.19602475, 0.21262199, -0.95727026), (0.29285437, 0.3523238, -0.88887817), (0.30614266, 0.22788727, -0.92430747), (0.13553958, -0.7767408, -0.61506337), (0.16609222, -0.61506945, -0.77078074), (0.24921267, -0.64381224, -0.72346306), (0.13553958, -0.7767408, -0.61506337), (0.24921267, -0.64381224, -0.72346306), (0.19863014, -0.79968286, -0.5666158), (0.2006538, 0.10407845, -0.97411793), (0.19602475, 0.21262199, -0.95727026), (0.30614266, 0.22788727, -0.92430747), (0.2006538, 0.10407845, -0.97411793), (0.30614266, 0.22788727, -0.92430747), (0.3137091, 0.11188568, -0.9429041), (0.08995263, -0.91733414, -0.38782287), (0.13553958, -0.7767408, -0.61506337), (0.19863014, -0.79968286, -0.5666158), (0.08995263, -0.91733414, -0.38782287), (0.19863014, -0.79968286, -0.5666158), (0.12755536, -0.9282566, -0.34938425), (0.20280334, -5.064798e-8, -0.97921956), (0.2006538, 0.10407845, -0.97411793), (0.3137091, 0.11188568, -0.9429041), (0.20280334, -5.064798e-8, -0.97921956), (0.3137091, 0.11188568, -0.9429041), (0.31687334, -5.5816965e-8, -0.94846785), (0.29285437, 0.3523238, -0.88887817), (0.27126303, 0.48901457, -0.8290243), (0.37415794, 0.52741164, -0.7627863), (0.29285437, 0.3523238, -0.88887817), (0.37415794, 0.52741164, -0.7627863), (0.40852654, 0.38491803, -0.82761353), (0.24921267, -0.64381224, -0.72346306), (0.2809876, -0.49223086, -0.8238659), (0.38455975, -0.53179026, -0.7545283), (0.24921267, -0.64381224, -0.72346306), (0.38455975, -0.53179026, -0.7545283), (0.33414578, -0.6829553, -0.6495527), (0.30614266, 0.22788727, -0.92430747), (0.29285437, 0.3523238, -0.88887817), (0.40852654, 0.38491803, -0.82761353), (0.30614266, 0.22788727, -0.92430747), (0.40852654, 0.38491803, -0.82761353), (0.43013188, 0.25106585, -0.86715204), (0.19863014, -0.79968286, -0.5666158), (0.24921267, -0.64381224, -0.72346306), (0.33414578, -0.6829553, -0.6495527), (0.19863014, -0.79968286, -0.5666158), (0.33414578, -0.6829553, -0.6495527), (0.25922266, -0.8289047, -0.49570212), (0.3137091, 0.11188568, -0.9429041), (0.30614266, 0.22788727, -0.92430747), (0.43013188, 0.25106585, -0.86715204), (0.3137091, 0.11188568, -0.9429041), (0.43013188, 0.25106585, -0.86715204), (0.44241068, 0.123854734, -0.88821894), (0.12755536, -0.9282566, -0.34938425), (0.19863014, -0.79968286, -0.5666158), (0.25922266, -0.8289047, -0.49570212), (0.12755536, -0.9282566, -0.34938425), (0.25922266, -0.8289047, -0.49570212), (0.161396, -0.9411486, -0.29696923), (0.31687334, -5.5816965e-8, -0.94846785), (0.3137091, 0.11188568, -0.9429041), (0.44241068, 0.123854734, -0.88821894), (0.31687334, -5.5816965e-8, -0.94846785), (0.44241068, 0.123854734, -0.88821894), (0.447214, -2.4552405e-8, -0.894427), (0.1119789, 0.92328995, -0.3674186), (-3.306464e-10, 1, -9.801606e-9), (0.14760153, 0.93555075, -0.32087186), (-4.0938405e-10, -1, -9.801606e-9), (0.12755536, -0.9282566, -0.34938425), (0.161396, -0.9411486, -0.29696923), (0.3160528, -0.11207671, -0.94209844), (0.31687334, -5.5816965e-8, -0.94846785), (0.447214, -2.4552405e-8, -0.894427), (0.3160528, -0.11207671, -0.94209844), (0.447214, -2.4552405e-8, -0.894427), (0.4451167, -0.124135554, -0.88682663), (0.18436398, 0.79380083, -0.5795604), (0.1119789, 0.92328995, -0.3674186), (0.14760153, 0.93555075, -0.32087186), (0.18436398, 0.79380083, -0.5795604), (0.14760153, 0.93555075, -0.32087186), (0.24573489, 0.821827, -0.51401824), (0.31087652, -0.22866525, -0.92253345), (0.3160528, -0.11207671, -0.94209844), (0.4451167, -0.124135554, -0.88682663), (0.31087652, -0.22866525, -0.92253345), (0.4451167, -0.124135554, -0.88682663), (0.435524, -0.25219363, -0.864128), (0.23703177, 0.63897246, -0.73179924), (0.18436398, 0.79380083, -0.5795604), (0.24573489, 0.821827, -0.51401824), (0.23703177, 0.63897246, -0.73179924), (0.24573489, 0.821827, -0.51401824), (0.32181013, 0.6767174, -0.66218716), (0.30005452, -0.35411373, -0.88576007), (0.31087652, -0.22866525, -0.92253345), (0.435524, -0.25219363, -0.864128), (0.30005452, -0.35411373, -0.88576007), (0.435524, -0.25219363, -0.864128), (0.416529, -0.38745004, -0.8224269), (0.27126303, 0.48901457, -0.8290243), (0.23703177, 0.63897246, -0.73179924), (0.32181013, 0.6767174, -0.66218716), (0.27126303, 0.48901457, -0.8290243), (0.32181013, 0.6767174, -0.66218716), (0.37415794, 0.52741164, -0.7627863), (0.2809876, -0.49223086, -0.8238659), (0.30005452, -0.35411373, -0.88576007), (0.416529, -0.38745004, -0.8224269), (0.2809876, -0.49223086, -0.8238659), (0.416529, -0.38745004, -0.8224269), (0.38455975, -0.53179026, -0.7545283), (0.4451167, -0.124135554, -0.88682663), (0.447214, -2.4552405e-8, -0.894427), (0.5991306, -5.9010134e-8, -0.8006513), (0.4451167, -0.124135554, -0.88682663), (0.5991306, -5.9010134e-8, -0.8006513), (0.5947117, -0.14113766, -0.7914533), (0.24573489, 0.821827, -0.51401824), (0.14760153, 0.93555075, -0.32087186), (0.17854956, 0.94875336, -0.26074362), (0.24573489, 0.821827, -0.51401824), (0.17854956, 0.94875336, -0.26074362), (0.3024249, 0.8536434, -0.42406613), (0.435524, -0.25219363, -0.864128), (0.4451167, -0.124135554, -0.88682663), (0.5947117, -0.14113766, -0.7914533), (0.435524, -0.25219363, -0.864128), (0.5947117, -0.14113766, -0.7914533), (0.57750654, -0.28476742, -0.76511025), (0.32181013, 0.6767174, -0.66218716), (0.24573489, 0.821827, -0.51401824), (0.3024249, 0.8536434, -0.42406613), (0.32181013, 0.6767174, -0.66218716), (0.3024249, 0.8536434, -0.42406613), (0.40601206, 0.7226226, -0.55943805), (0.416529, -0.38745004, -0.8224269), (0.435524, -0.25219363, -0.864128), (0.57750654, -0.28476742, -0.76511025), (0.416529, -0.38745004, -0.8224269), (0.57750654, -0.28476742, -0.76511025), (0.5451242, -0.43214068, -0.7183969), (0.37415794, 0.52741164, -0.7627863), (0.32181013, 0.6767174, -0.66218716), (0.40601206, 0.7226226, -0.55943805), (0.37415794, 0.52741164, -0.7627863), (0.40601206, 0.7226226, -0.55943805), (0.48286068, 0.57698435, -0.6587372), (0.38455975, -0.53179026, -0.7545283), (0.416529, -0.38745004, -0.8224269), (0.5451242, -0.43214068, -0.7183969), (0.38455975, -0.53179026, -0.7545283), (0.5451242, -0.43214068, -0.7183969), (0.49357545, -0.582288, -0.6460062), (0.40852654, 0.38491803, -0.82761353), (0.37415794, 0.52741164, -0.7627863), (0.48286068, 0.57698435, -0.6587372), (0.40852654, 0.38491803, -0.82761353), (0.48286068, 0.57698435, -0.6587372), (0.536413, 0.42889965, -0.7268468), (0.33414578, -0.6829553, -0.6495527), (0.38455975, -0.53179026, -0.7545283), (0.49357545, -0.582288, -0.6460062), (0.33414578, -0.6829553, -0.6495527), (0.49357545, -0.582288, -0.6460062), (0.41782227, -0.729645, -0.54133433), (0.43013188, 0.25106585, -0.86715204), (0.40852654, 0.38491803, -0.82761353), (0.536413, 0.42889965, -0.7268468), (0.43013188, 0.25106585, -0.86715204), (0.536413, 0.42889965, -0.7268468), (0.5714144, 0.2832692, -0.77022344), (0.25922266, -0.8289047, -0.49570212), (0.33414578, -0.6829553, -0.6495527), (0.41782227, -0.729645, -0.54133433), (0.25922266, -0.8289047, -0.49570212), (0.41782227, -0.729645, -0.54133433), (0.3143012, -0.86097133, -0.3999289), (0.44241068, 0.123854734, -0.88821894), (0.43013188, 0.25106585, -0.86715204), (0.5714144, 0.2832692, -0.77022344), (0.44241068, 0.123854734, -0.88821894), (0.5714144, 0.2832692, -0.77022344), (0.5915889, 0.14075658, -0.79385775), (0.161396, -0.9411486, -0.29696923), (0.25922266, -0.8289047, -0.49570212), (0.3143012, -0.86097133, -0.3999289), (0.161396, -0.9411486, -0.29696923), (0.3143012, -0.86097133, -0.3999289), (0.1898486, -0.9541448, -0.23144187), (0.447214, -2.4552405e-8, -0.894427), (0.44241068, 0.123854734, -0.88821894), (0.5915889, 0.14075658, -0.79385775), (0.447214, -2.4552405e-8, -0.894427), (0.5915889, 0.14075658, -0.79385775), (0.5991306, -5.9010134e-8, -0.8006513), (0.14760153, 0.93555075, -0.32087186), (-3.306464e-10, 1, -9.801606e-9), (0.17854956, 0.94875336, -0.26074362), (-4.0938405e-10, -1, -9.801606e-9), (0.161396, -0.9411486, -0.29696923), (0.1898486, -0.9541448, -0.23144187), (0.41782227, -0.729645, -0.54133433), (0.49357545, -0.582288, -0.6460062), (0.59949017, -0.6380403, -0.4832351), (0.41782227, -0.729645, -0.54133433), (0.59949017, -0.6380403, -0.4832351), (0.49264643, -0.77703905, -0.3918036), (0.5714144, 0.2832692, -0.77022344), (0.536413, 0.42889965, -0.7268468), (0.67000455, 0.48134276, -0.56515753), (0.5714144, 0.2832692, -0.77022344), (0.67000455, 0.48134276, -0.56515753), (0.72537506, 0.32329643, -0.60770917), (0.3143012, -0.86097133, -0.3999289), (0.41782227, -0.729645, -0.54133433), (0.49264643, -0.77703905, -0.3918036), (0.3143012, -0.86097133, -0.3999289), (0.49264643, -0.77703905, -0.3918036), (0.35922587, -0.890605, -0.27888992), (0.5915889, 0.14075658, -0.79385775), (0.5714144, 0.2832692, -0.77022344), (0.72537506, 0.32329643, -0.60770917), (0.5915889, 0.14075658, -0.79385775), (0.72537506, 0.32329643, -0.60770917), (0.75819296, 0.16227348, -0.63151467), (0.1898486, -0.9541448, -0.23144187), (0.3143012, -0.86097133, -0.3999289), (0.35922587, -0.890605, -0.27888992), (0.1898486, -0.9541448, -0.23144187), (0.35922587, -0.890605, -0.27888992), (0.21118052, -0.9651305, -0.15468019), (0.5991306, -5.9010134e-8, -0.8006513), (0.5915889, 0.14075658, -0.79385775), (0.75819296, 0.16227348, -0.63151467), (0.5991306, -5.9010134e-8, -0.8006513), (0.75819296, 0.16227348, -0.63151467), (0.7700767, -9.068828e-8, -0.6379513), (0.17854956, 0.94875336, -0.26074362), (-3.306464e-10, 1, -9.801606e-9), (0.20311055, 0.960852, -0.18843968), (-4.0938405e-10, -1, -9.801606e-9), (0.1898486, -0.9541448, -0.23144187), (0.21118052, -0.9651305, -0.15468019), (0.5947117, -0.14113766, -0.7914533), (0.5991306, -5.9010134e-8, -0.8006513), (0.7700767, -9.068828e-8, -0.6379513), (0.5947117, -0.14113766, -0.7914533), (0.7700767, -9.068828e-8, -0.6379513), (0.76148903, -0.16272032, -0.62742054), (0.3024249, 0.8536434, -0.42406613), (0.17854956, 0.94875336, -0.26074362), (0.20311055, 0.960852, -0.18843968), (0.3024249, 0.8536434, -0.42406613), (0.20311055, 0.960852, -0.18843968), (0.35015, 0.88438284, -0.30864543), (0.57750654, -0.28476742, -0.76511025), (0.5947117, -0.14113766, -0.7914533), (0.76148903, -0.16272032, -0.62742054), (0.57750654, -0.28476742, -0.76511025), (0.76148903, -0.16272032, -0.62742054), (0.7316133, -0.32500124, -0.59926313), (0.40601206, 0.7226226, -0.55943805), (0.3024249, 0.8536434, -0.42406613), (0.35015, 0.88438284, -0.30864543), (0.40601206, 0.7226226, -0.55943805), (0.35015, 0.88438284, -0.30864543), (0.4828021, 0.77053493, -0.4161469), (0.5451242, -0.43214068, -0.7183969), (0.57750654, -0.28476742, -0.76511025), (0.7316133, -0.32500124, -0.59926313), (0.5451242, -0.43214068, -0.7183969), (0.7316133, -0.32500124, -0.59926313), (0.67848265, -0.48484772, -0.5518914), (0.48286068, 0.57698435, -0.6587372), (0.40601206, 0.7226226, -0.55943805), (0.4828021, 0.77053493, -0.4161469), (0.48286068, 0.57698435, -0.6587372), (0.4828021, 0.77053493, -0.4161469), (0.58976924, 0.63269407, -0.5018671), (0.49357545, -0.582288, -0.6460062), (0.5451242, -0.43214068, -0.7183969), (0.67848265, -0.48484772, -0.5518914), (0.49357545, -0.582288, -0.6460062), (0.67848265, -0.48484772, -0.5518914), (0.59949017, -0.6380403, -0.4832351), (0.536413, 0.42889965, -0.7268468), (0.48286068, 0.57698435, -0.6587372), (0.58976924, 0.63269407, -0.5018671), (0.536413, 0.42889965, -0.7268468), (0.58976924, 0.63269407, -0.5018671), (0.67000455, 0.48134276, -0.56515753), (0.35015, 0.88438284, -0.30864543), (0.20311055, 0.960852, -0.18843968), (0.21960488, 0.96975327, -0.10654719), (0.35015, 0.88438284, -0.30864543), (0.21960488, 0.96975327, -0.10654719), (0.38338524, 0.90771914, -0.1704756), (0.7316133, -0.32500124, -0.59926313), (0.76148903, -0.16272032, -0.62742054), (0.91452426, -0.18415998, -0.36018124), (0.7316133, -0.32500124, -0.59926313), (0.91452426, -0.18415998, -0.36018124), (0.8680423, -0.36354566, -0.3381379), (0.4828021, 0.77053493, -0.4161469), (0.35015, 0.88438284, -0.30864543), (0.38338524, 0.90771914, -0.1704756), (0.4828021, 0.77053493, -0.4161469), (0.38338524, 0.90771914, -0.1704756), (0.5400287, 0.8093689, -0.23084879), (0.67848265, -0.48484772, -0.5518914), (0.7316133, -0.32500124, -0.59926313), (0.8680423, -0.36354566, -0.3381379), (0.67848265, -0.48484772, -0.5518914), (0.8680423, -0.36354566, -0.3381379), (0.79002434, -0.5325338, -0.30375856), (0.58976924, 0.63269407, -0.5018671), (0.4828021, 0.77053493, -0.4161469), (0.5400287, 0.8093689, -0.23084879), (0.58976924, 0.63269407, -0.5018671), (0.5400287, 0.8093689, -0.23084879), (0.6755049, 0.6812133, -0.28220838), (0.59949017, -0.6380403, -0.4832351), (0.67848265, -0.48484772, -0.5518914), (0.79002434, -0.5325338, -0.30375856), (0.59949017, -0.6380403, -0.4832351), (0.79002434, -0.5325338, -0.30375856), (0.6816607, -0.68480825, -0.25763598), (0.67000455, 0.48134276, -0.56515753), (0.58976924, 0.63269407, -0.5018671), (0.6755049, 0.6812133, -0.28220838), (0.67000455, 0.48134276, -0.56515753), (0.6755049, 0.6812133, -0.28220838), (0.78427535, 0.53001183, -0.32248992), (0.49264643, -0.77703905, -0.3918036), (0.59949017, -0.6380403, -0.4832351), (0.6816607, -0.68480825, -0.25763598), (0.49264643, -0.77703905, -0.3918036), (0.6816607, -0.68480825, -0.25763598), (0.545816, -0.81342775, -0.20104775), (0.72537506, 0.32329643, -0.60770917), (0.67000455, 0.48134276, -0.56515753), (0.78427535, 0.53001183, -0.32248992), (0.72537506, 0.32329643, -0.60770917), (0.78427535, 0.53001183, -0.32248992), (0.86358017, 0.36225, -0.35071984), (0.35922587, -0.890605, -0.27888992), (0.49264643, -0.77703905, -0.3918036), (0.545816, -0.81342775, -0.20104775), (0.35922587, -0.890605, -0.27888992), (0.545816, -0.81342775, -0.20104775), (0.38836554, -0.91134363, -0.13647348), (0.75819296, 0.16227348, -0.63151467), (0.72537506, 0.32329643, -0.60770917), (0.86358017, 0.36225, -0.35071984), (0.75819296, 0.16227348, -0.63151467), (0.86358017, 0.36225, -0.35071984), (0.912086, 0.18380907, -0.3664879), (0.21118052, -0.9651305, -0.15468019), (0.35922587, -0.890605, -0.27888992), (0.38836554, -0.91134363, -0.13647348), (0.21118052, -0.9651305, -0.15468019), (0.38836554, -0.91134363, -0.13647348), (0.22382183, -0.9721266, -0.06981182), (0.7700767, -9.068828e-8, -0.6379513), (0.75819296, 0.16227348, -0.63151467), (0.912086, 0.18380907, -0.3664879), (0.7700767, -9.068828e-8, -0.6379513), (0.912086, 0.18380907, -0.3664879), (0.9291705, 4.2901866e-7, -0.36965147), (0.20311055, 0.960852, -0.18843968), (-3.306464e-10, 1, -9.801606e-9), (0.21960488, 0.96975327, -0.10654719), (-4.0938405e-10, -1, -9.801606e-9), (0.21118052, -0.9651305, -0.15468019), (0.22382183, -0.9721266, -0.06981182), (0.76148903, -0.16272032, -0.62742054), (0.7700767, -9.068828e-8, -0.6379513), (0.9291705, 4.2901866e-7, -0.36965147), (0.76148903, -0.16272032, -0.62742054), (0.9291705, 4.2901866e-7, -0.36965147), (0.91452426, -0.18415998, -0.36018124), (0.86358017, 0.36225, -0.35071984), (0.78427535, 0.53001183, -0.32248992), (0.8338071, 0.55195194, -0.010710705), (0.86358017, 0.36225, -0.35071984), (0.8338071, 0.55195194, -0.010710705), (0.9248729, 0.38020495, -0.0073789335), (0.38836554, -0.91134363, -0.13647348), (0.545816, -0.81342775, -0.20104775), (0.5634934, -0.8259652, 0.016022371), (0.38836554, -0.91134363, -0.13647348), (0.5634934, -0.8259652, 0.016022371), (0.39695078, -0.9176672, 0.017801663), (0.912086, 0.18380907, -0.3664879), (0.86358017, 0.36225, -0.35071984), (0.9248729, 0.38020495, -0.0073789335), (0.912086, 0.18380907, -0.3664879), (0.9248729, 0.38020495, -0.0073789335), (0.9810276, 0.19383158, -0.0037650226), (0.22382183, -0.9721266, -0.06981182), (0.38836554, -0.91134363, -0.13647348), (0.39695078, -0.9176672, 0.017801663), (0.22382183, -0.9721266, -0.06981182), (0.39695078, -0.9176672, 0.017801663), (0.22671546, -0.97377783, 0.018891064), (0.9291705, 4.2901866e-7, -0.36965147), (0.912086, 0.18380907, -0.3664879), (0.9810276, 0.19383158, -0.0037650226), (0.9291705, 4.2901866e-7, -0.36965147), (0.9810276, 0.19383158, -0.0037650226), (1, 5.5048383e-7, -0.000004652972), (0.21960488, 0.96975327, -0.10654719), (-3.306464e-10, 1, -9.801606e-9), (0.2267154, 0.97377783, -0.01889295), (-4.0938405e-10, -1, -9.801606e-9), (0.22382183, -0.9721266, -0.06981182), (0.22671546, -0.97377783, 0.018891064), (0.91452426, -0.18415998, -0.36018124), (0.9291705, 4.2901866e-7, -0.36965147), (1, 5.5048383e-7, -0.000004652972), (0.91452426, -0.18415998, -0.36018124), (1, 5.5048383e-7, -0.000004652972), (0.98102754, -0.19383195, 0.0037588743), (0.38338524, 0.90771914, -0.1704756), (0.21960488, 0.96975327, -0.10654719), (0.2267154, 0.97377783, -0.01889295), (0.38338524, 0.90771914, -0.1704756), (0.2267154, 0.97377783, -0.01889295), (0.3969504, 0.9176674, -0.017805887), (0.8680423, -0.36354566, -0.3381379), (0.91452426, -0.18415998, -0.36018124), (0.98102754, -0.19383195, 0.0037588743), (0.8680423, -0.36354566, -0.3381379), (0.98102754, -0.19383195, 0.0037588743), (0.9248728, -0.38020507, 0.0073741386), (0.5400287, 0.8093689, -0.23084879), (0.38338524, 0.90771914, -0.1704756), (0.3969504, 0.9176674, -0.017805887), (0.5400287, 0.8093689, -0.23084879), (0.3969504, 0.9176674, -0.017805887), (0.563493, 0.82596534, -0.016026935), (0.79002434, -0.5325338, -0.30375856), (0.8680423, -0.36354566, -0.3381379), (0.9248728, -0.38020507, 0.0073741386), (0.79002434, -0.5325338, -0.30375856), (0.9248728, -0.38020507, 0.0073741386), (0.83380747, -0.5519516, 0.010705655), (0.6755049, 0.6812133, -0.28220838), (0.5400287, 0.8093689, -0.23084879), (0.563493, 0.82596534, -0.016026935), (0.6755049, 0.6812133, -0.28220838), (0.563493, 0.82596534, -0.016026935), (0.71158427, 0.70246863, -0.013630187), (0.6816607, -0.68480825, -0.25763598), (0.79002434, -0.5325338, -0.30375856), (0.83380747, -0.5519516, 0.010705655), (0.6816607, -0.68480825, -0.25763598), (0.83380747, -0.5519516, 0.010705655), (0.7115833, -0.7024696, 0.013628366), (0.78427535, 0.53001183, -0.32248992), (0.6755049, 0.6812133, -0.28220838), (0.71158427, 0.70246863, -0.013630187), (0.78427535, 0.53001183, -0.32248992), (0.71158427, 0.70246863, -0.013630187), (0.8338071, 0.55195194, -0.010710705), (0.545816, -0.81342775, -0.20104775), (0.6816607, -0.68480825, -0.25763598), (0.7115833, -0.7024696, 0.013628366), (0.545816, -0.81342775, -0.20104775), (0.7115833, -0.7024696, 0.013628366), (0.5634934, -0.8259652, 0.016022371), (0.9994616, -0.032812946, -1.617849e-9), (0.9994616, 0.032812946, 0), (0.9866586, -0.1628033, -7.280319e-9), (0.9994616, -0.032812946, -1.617849e-9), (0.9866586, -0.1628033, -7.280319e-9), (0.9738557, -0.22716781, -6.471395e-9), (0.9738557, -0.22716781, -6.471395e-9), (0.9866586, -0.1628033, -7.280319e-9), (0, 0, 1), (0.9738557, -0.22716781, -6.471395e-9), (0, 0, 1), (0.9108252, -0.41279247, -1.779634e-8), (0.9108252, -0.41279247, -1.779634e-8), (0, 0, 1), (0.8492518, -0.52798826, -2.8312364e-8), (0.9108252, -0.41279247, -1.779634e-8), (0.8492518, -0.52798826, -2.8312364e-8), (0.81279206, -0.5825539, -5.1771185e-8), (0.81279206, -0.5825539, -5.1771185e-8), (0.8492518, -0.52798826, -2.8312364e-8), (0.72992814, -0.6835239, -5.8242577e-8), (0.81279206, -0.5825539, -5.1771185e-8), (0.72992814, -0.6835239, -5.8242577e-8), (0.683524, -0.7299281, -5.986043e-8), (0.683524, -0.7299281, -5.986043e-8), (0.72992814, -0.6835239, -5.8242577e-8), (0.58255404, -0.81279194, -5.824257e-8), (0.683524, -0.7299281, -5.986043e-8), (0.58255404, -0.81279194, -5.824257e-8), (0.5279883, -0.84925175, -5.8242573e-8), (0.5279883, -0.84925175, -5.8242573e-8), (0.58255404, -0.81279194, -5.824257e-8), (0.41279238, -0.91082513, -1.03542305e-7), (0.5279883, -0.84925175, -5.8242573e-8), (0.41279238, -0.91082513, -1.03542305e-7), (0.35216224, -0.935939, -9.7070924e-8), (0.35216224, -0.935939, -9.7070924e-8), (0.41279238, -0.91082513, -1.03542305e-7), (0.22716752, -0.9738557, -1.1082264e-7), (0.35216224, -0.935939, -9.7070924e-8), (0.22716752, -0.9738557, -1.1082264e-7), (4.8010578e-9, 3.8408462e-8, -1), (4.8010578e-9, 3.8408462e-8, -1), (0.22716752, -0.9738557, -1.1082264e-7), (0.032812953, -0.9994616, -8.4128146e-8), (4.8010578e-9, 3.8408462e-8, -1), (0.032812953, -0.9994616, -8.4128146e-8), (-0.032812748, -0.9994616, -8.251029e-8), (-0.032812748, -0.9994616, -8.251029e-8), (0.032812953, -0.9994616, -8.4128146e-8), (-0.16280311, -0.9866586, -1.0192447e-7), (-0.032812748, -0.9994616, -8.251029e-8), (-0.16280311, -0.9866586, -1.0192447e-7), (-0.22716773, -0.9738557, -1.1001372e-7), (-0.22716773, -0.9738557, -1.1001372e-7), (-0.16280311, -0.9866586, -1.0192447e-7), (0, -3.8408466e-8, 1), (-0.22716773, -0.9738557, -1.1001372e-7), (0, -3.8408466e-8, 1), (-0.4127925, -0.9108251, -7.523e-8), (-0.4127925, -0.9108251, -7.523e-8), (0, -3.8408466e-8, 1), (-0.5279883, -0.84925175, -6.22872e-8), (-0.4127925, -0.9108251, -7.523e-8), (-0.5279883, -0.84925175, -6.22872e-8), (-0.5825539, -0.8127922, -5.1771178e-8), (-0.5825539, -0.8127922, -5.1771178e-8), (-0.5279883, -0.84925175, -6.22872e-8), (-0.68352383, -0.7299282, -6.471395e-8), (-0.5825539, -0.8127922, -5.1771178e-8), (-0.68352383, -0.7299282, -6.471395e-8), (-0.72992814, -0.68352395, -5.7433645e-8), (-0.72992814, -0.68352395, -5.7433645e-8), (-0.68352383, -0.7299282, -6.471395e-8), (-0.8127921, -0.5825539, -4.287301e-8), (-0.72992814, -0.68352395, -5.7433645e-8), (-0.8127921, -0.5825539, -4.287301e-8), (-0.84925175, -0.52798826, -3.235699e-8), (-0.84925175, -0.52798826, -3.235699e-8), (-0.8127921, -0.5825539, -4.287301e-8), (-0.9108252, -0.41279247, 0), (-0.84925175, -0.52798826, -3.235699e-8), (-0.9108252, -0.41279247, 0), (-0.935939, -0.3521624, -1.2133868e-8), (-0.935939, -0.3521624, -1.2133868e-8), (-0.9108252, -0.41279247, 0), (-0.9738557, -0.22716783, -8.898168e-9), (-0.935939, -0.3521624, -1.2133868e-8), (-0.9738557, -0.22716783, -8.898168e-9), (2.2920998e-8, 5.4437372e-8, -1), (2.2920998e-8, 5.4437372e-8, -1), (-0.9738557, -0.22716783, -8.898168e-9), (-0.9994616, -0.03281295, -6.4713963e-9), (2.2920998e-8, 5.4437372e-8, -1), (-0.9994616, -0.03281295, -6.4713963e-9), (-0.9994616, 0.03281295, 1.6178491e-9), (-0.9994616, 0.03281295, 1.6178491e-9), (-0.9994616, -0.03281295, -6.4713963e-9), (-0.9866586, 0.1628033, 7.280319e-9), (-0.9994616, 0.03281295, 1.6178491e-9), (-0.9866586, 0.1628033, 7.280319e-9), (-0.9738557, 0.22716781, 1.294279e-8), (-0.9738557, 0.22716781, 1.294279e-8), (-0.9866586, 0.1628033, 7.280319e-9), (0, 0, 1), (-0.9738557, 0.22716781, 1.294279e-8), (0, 0, 1), (-0.9108252, 0.41279247, 1.779634e-8), (-0.9108252, 0.41279247, 1.779634e-8), (0, 0, 1), (-0.8492518, 0.52798826, 2.7503443e-8), (-0.9108252, 0.41279247, 1.779634e-8), (-0.8492518, 0.52798826, 2.7503443e-8), (-0.81279206, 0.5825539, 5.1771174e-8), (-0.81279206, 0.5825539, 5.1771174e-8), (-0.8492518, 0.52798826, 2.7503443e-8), (-0.72992814, 0.68352395, 5.824257e-8), (-0.81279206, 0.5825539, 5.1771174e-8), (-0.72992814, 0.68352395, 5.824257e-8), (-0.68352383, 0.7299282, 5.986041e-8), (-0.68352383, 0.7299282, 5.986041e-8), (-0.72992814, 0.68352395, 5.824257e-8), (-0.58255386, 0.8127922, 5.8242566e-8), (-0.68352383, 0.7299282, 5.986041e-8), (-0.58255386, 0.8127922, 5.8242566e-8), (-0.5279883, 0.84925175, 5.8242573e-8), (-0.5279883, 0.84925175, 5.8242573e-8), (-0.58255386, 0.8127922, 5.8242566e-8), (-0.4127925, 0.9108251, 5.1771178e-8), (-0.5279883, 0.84925175, 5.8242573e-8), (-0.4127925, 0.9108251, 5.1771178e-8), (-0.3521624, 0.9359389, 9.7070945e-8), (-0.3521624, 0.9359389, 9.7070945e-8), (-0.4127925, 0.9108251, 5.1771178e-8), (-0.22716773, 0.9738557, 1.1163157e-7), (-0.3521624, 0.9359389, 9.7070945e-8), (-0.22716773, 0.9738557, 1.1163157e-7), (4.801058e-9, 3.8408466e-8, -1), (4.801058e-9, 3.8408466e-8, -1), (-0.22716773, 0.9738557, 1.1163157e-7), (-0.032812748, 0.9994616, 8.4128146e-8), (4.801058e-9, 3.8408466e-8, -1), (-0.032812748, 0.9994616, 8.4128146e-8), (0.032812953, 0.9994616, 8.251031e-8), (0.032812953, 0.9994616, 8.251031e-8), (-0.032812748, 0.9994616, 8.4128146e-8), (0.16280307, 0.9866587, 1.01924506e-7), (0.032812953, 0.9994616, 8.251031e-8), (0.16280307, 0.9866587, 1.01924506e-7), (0.22716752, 0.9738557, 1.1001372e-7), (0.22716752, 0.9738557, 1.1001372e-7), (0.16280307, 0.9866587, 1.01924506e-7), (0, 0, 1), (0.22716752, 0.9738557, 1.1001372e-7), (0, 0, 1), (0.41279244, 0.91082513, 7.522996e-8), (0.41279244, 0.91082513, 7.522996e-8), (0, 0, 1), (0.5279883, 0.84925175, 6.228719e-8), (0.41279244, 0.91082513, 7.522996e-8), (0.5279883, 0.84925175, 6.228719e-8), (0.58255404, 0.812792, 5.1771174e-8), (0.58255404, 0.812792, 5.1771174e-8), (0.5279883, 0.84925175, 6.228719e-8), (0.683524, 0.7299281, 6.471398e-8), (0.58255404, 0.812792, 5.1771174e-8), (0.683524, 0.7299281, 6.471398e-8), (0.7299282, 0.6835239, 5.6624735e-8), (0.7299282, 0.6835239, 5.6624735e-8), (0.683524, 0.7299281, 6.471398e-8), (0.81279206, 0.582554, 4.2873012e-8), (0.7299282, 0.6835239, 5.6624735e-8), (0.81279206, 0.582554, 4.2873012e-8), (0.84925175, 0.5279882, 3.2356986e-8), (0.84925175, 0.5279882, 3.2356986e-8), (0.81279206, 0.582554, 4.2873012e-8), (0.9108252, 0.41279244, 0), (0.84925175, 0.5279882, 3.2356986e-8), (0.9108252, 0.41279244, 0), (0.93593895, 0.35216236, 1.2133866e-8), (0, 0, 1), (0.9866586, -0.1628033, -7.280319e-9), (0.9994616, 0.032812946, 0), (0.9994616, 0.032812946, 0), (0.9738557, 0.22716783, 9.707093e-9), (0.9108252, 0.41279244, 0), (0.9108252, 0.41279244, 0), (0.81279206, 0.582554, 4.2873012e-8), (0.683524, 0.7299281, 6.471398e-8), (0.683524, 0.7299281, 6.471398e-8), (0.5279883, 0.84925175, 6.228719e-8), (0, 0, 1), (0, 0, 1), (0.16280307, 0.9866587, 1.01924506e-7), (-0.032812748, 0.9994616, 8.4128146e-8), (-0.032812748, 0.9994616, 8.4128146e-8), (-0.22716773, 0.9738557, 1.1163157e-7), (-0.4127925, 0.9108251, 5.1771178e-8), (-0.4127925, 0.9108251, 5.1771178e-8), (-0.58255386, 0.8127922, 5.8242566e-8), (-0.72992814, 0.68352395, 5.824257e-8), (-0.72992814, 0.68352395, 5.824257e-8), (-0.8492518, 0.52798826, 2.7503443e-8), (0, 0, 1), (0, 0, 1), (-0.9866586, 0.1628033, 7.280319e-9), (-0.9994616, -0.03281295, -6.4713963e-9), (-0.9994616, -0.03281295, -6.4713963e-9), (-0.9738557, -0.22716783, -8.898168e-9), (-0.9108252, -0.41279247, 0), (-0.9108252, -0.41279247, 0), (-0.8127921, -0.5825539, -4.287301e-8), (-0.68352383, -0.7299282, -6.471395e-8), (-0.68352383, -0.7299282, -6.471395e-8), (-0.5279883, -0.84925175, -6.22872e-8), (0, -3.8408466e-8, 1), (0, -3.8408466e-8, 1), (-0.16280311, -0.9866586, -1.0192447e-7), (0.032812953, -0.9994616, -8.4128146e-8), (0.032812953, -0.9994616, -8.4128146e-8), (0.22716752, -0.9738557, -1.1082264e-7), (0.41279238, -0.91082513, -1.03542305e-7), (0.41279238, -0.91082513, -1.03542305e-7), (0.58255404, -0.81279194, -5.824257e-8), (0.72992814, -0.6835239, -5.8242577e-8), (0.72992814, -0.6835239, -5.8242577e-8), (0.8492518, -0.52798826, -2.8312364e-8), (0, 0, 1), (0, 0, 1), (0.9994616, 0.032812946, 0), (0.9108252, 0.41279244, 0), (0.9108252, 0.41279244, 0), (0.683524, 0.7299281, 6.471398e-8), (0, 0, 1), (0, 0, 1), (-0.032812748, 0.9994616, 8.4128146e-8), (-0.4127925, 0.9108251, 5.1771178e-8), (-0.4127925, 0.9108251, 5.1771178e-8), (-0.72992814, 0.68352395, 5.824257e-8), (0, 0, 1), (0, 0, 1), (-0.9994616, -0.03281295, -6.4713963e-9), (-0.9108252, -0.41279247, 0), (-0.9108252, -0.41279247, 0), (-0.68352383, -0.7299282, -6.471395e-8), (0, -3.8408466e-8, 1), (0, -3.8408466e-8, 1), (0.032812953, -0.9994616, -8.4128146e-8), (0.41279238, -0.91082513, -1.03542305e-7), (0.41279238, -0.91082513, -1.03542305e-7), (0.72992814, -0.6835239, -5.8242577e-8), (0, 0, 1), (0, 0, 1), (0.9108252, 0.41279244, 0), (0, 0, 1), (0, 0, 1), (-0.4127925, 0.9108251, 5.1771178e-8), (0, 0, 1), (0, 0, 1), (-0.9108252, -0.41279247, 0), (0, -3.8408466e-8, 1), (0, -3.8408466e-8, 1), (0.41279238, -0.91082513, -1.03542305e-7), (0, 0, 1), (0, 0, 1), (0, 0, 1), (0, 0, 1), (0, 0, 1), (0, -3.8408466e-8, 1), (0, 0, 1), (0.93593895, 0.35216236, 1.2133866e-8), (0.9108252, 0.41279244, 0), (0.9738557, 0.22716783, 9.707093e-9), (0.93593895, 0.35216236, 1.2133866e-8), (0.9738557, 0.22716783, 9.707093e-9), (2.2920998e-8, 5.4437372e-8, -1), (2.2920998e-8, 5.4437372e-8, -1), (0.9738557, 0.22716783, 9.707093e-9), (0.9994616, 0.032812946, 0), (2.2920998e-8, 5.4437372e-8, -1), (0.9994616, 0.032812946, 0), (0.9994616, -0.032812946, -1.617849e-9), (2.2920998e-8, 5.4437372e-8, -1), (0.9994616, -0.032812946, -1.617849e-9), (0.9738557, -0.22716781, -6.471395e-9), (0.9738557, -0.22716781, -6.471395e-9), (0.9108252, -0.41279247, -1.779634e-8), (0.81279206, -0.5825539, -5.1771185e-8), (0.81279206, -0.5825539, -5.1771185e-8), (0.683524, -0.7299281, -5.986043e-8), (0.5279883, -0.84925175, -5.8242573e-8), (0.5279883, -0.84925175, -5.8242573e-8), (0.35216224, -0.935939, -9.7070924e-8), (4.8010578e-9, 3.8408462e-8, -1), (4.8010578e-9, 3.8408462e-8, -1), (-0.032812748, -0.9994616, -8.251029e-8), (-0.22716773, -0.9738557, -1.1001372e-7), (-0.22716773, -0.9738557, -1.1001372e-7), (-0.4127925, -0.9108251, -7.523e-8), (-0.5825539, -0.8127922, -5.1771178e-8), (-0.5825539, -0.8127922, -5.1771178e-8), (-0.72992814, -0.68352395, -5.7433645e-8), (-0.84925175, -0.52798826, -3.235699e-8), (-0.84925175, -0.52798826, -3.235699e-8), (-0.935939, -0.3521624, -1.2133868e-8), (2.2920998e-8, 5.4437372e-8, -1), (2.2920998e-8, 5.4437372e-8, -1), (-0.9994616, 0.03281295, 1.6178491e-9), (-0.9738557, 0.22716781, 1.294279e-8), (-0.9738557, 0.22716781, 1.294279e-8), (-0.9108252, 0.41279247, 1.779634e-8), (-0.81279206, 0.5825539, 5.1771174e-8), (-0.81279206, 0.5825539, 5.1771174e-8), (-0.68352383, 0.7299282, 5.986041e-8), (-0.5279883, 0.84925175, 5.8242573e-8), (-0.5279883, 0.84925175, 5.8242573e-8), (-0.3521624, 0.9359389, 9.7070945e-8), (4.801058e-9, 3.8408466e-8, -1), (4.801058e-9, 3.8408466e-8, -1), (0.032812953, 0.9994616, 8.251031e-8), (0.22716752, 0.9738557, 1.1001372e-7), (0.22716752, 0.9738557, 1.1001372e-7), (0.41279244, 0.91082513, 7.522996e-8), (0.58255404, 0.812792, 5.1771174e-8), (0.58255404, 0.812792, 5.1771174e-8), (0.7299282, 0.6835239, 5.6624735e-8), (0.84925175, 0.5279882, 3.2356986e-8), (0.84925175, 0.5279882, 3.2356986e-8), (0.93593895, 0.35216236, 1.2133866e-8), (2.2920998e-8, 5.4437372e-8, -1), (2.2920998e-8, 5.4437372e-8, -1), (0.9738557, -0.22716781, -6.471395e-9), (0.81279206, -0.5825539, -5.1771185e-8), (0.81279206, -0.5825539, -5.1771185e-8), (0.5279883, -0.84925175, -5.8242573e-8), (4.8010578e-9, 3.8408462e-8, -1), (4.8010578e-9, 3.8408462e-8, -1), (-0.22716773, -0.9738557, -1.1001372e-7), (-0.5825539, -0.8127922, -5.1771178e-8), (-0.5825539, -0.8127922, -5.1771178e-8), (-0.84925175, -0.52798826, -3.235699e-8), (2.2920998e-8, 5.4437372e-8, -1), (2.2920998e-8, 5.4437372e-8, -1), (-0.9738557, 0.22716781, 1.294279e-8), (-0.81279206, 0.5825539, 5.1771174e-8), (-0.81279206, 0.5825539, 5.1771174e-8), (-0.5279883, 0.84925175, 5.8242573e-8), (4.801058e-9, 3.8408466e-8, -1), (4.801058e-9, 3.8408466e-8, -1), (0.22716752, 0.9738557, 1.1001372e-7), (0.58255404, 0.812792, 5.1771174e-8), (0.58255404, 0.812792, 5.1771174e-8), (0.84925175, 0.5279882, 3.2356986e-8), (2.2920998e-8, 5.4437372e-8, -1), (2.2920998e-8, 5.4437372e-8, -1), (0.81279206, -0.5825539, -5.1771185e-8), (4.8010578e-9, 3.8408462e-8, -1), (4.8010578e-9, 3.8408462e-8, -1), (-0.5825539, -0.8127922, -5.1771178e-8), (2.2920998e-8, 5.4437372e-8, -1), (2.2920998e-8, 5.4437372e-8, -1), (-0.81279206, 0.5825539, 5.1771174e-8), (4.801058e-9, 3.8408466e-8, -1), (4.801058e-9, 3.8408466e-8, -1), (0.58255404, 0.812792, 5.1771174e-8), (2.2920998e-8, 5.4437372e-8, -1), (2.2920998e-8, 5.4437372e-8, -1), (4.8010578e-9, 3.8408462e-8, -1), (2.2920998e-8, 5.4437372e-8, -1), (2.2920998e-8, 5.4437372e-8, -1), (4.801058e-9, 3.8408466e-8, -1), (2.2920998e-8, 5.4437372e-8, -1)] (
        interpolation = "faceVarying"
    )
    point3f[] points = [(0.0061112647, -0.009146165, -0.0039155795), (0.0077781724, -0.0077781742, -0.00391558), (0.007628719, -0.0077781742, -0.0031568573), (0.0059938463, -0.009146165, -0.0033194555), (0.010162669, 0.004209518, -0.0039155805), (0.009146165, 0.0061112726, -0.0039155805), (0.0089704245, 0.0061112726, -0.0030234165), (0.009967402, 0.004209518, -0.002924261), (0.004209515, -0.010162675, -0.0039155805), (0.004128633, -0.010162675, -0.0035049624), (0.010788638, 0.0021459935, -0.0039155805), (0.010581337, 0.0021459935, -0.0028632013), (0.002145991, -0.010788638, -0.0039155805), (0.0021047585, -0.010788638, -0.0037062494), (0.011, 2.2858904e-11, -0.0039155805), (0.010788638, 2.2858904e-11, -0.002842584), (0.002145991, 0.010788638, -0.0039155805), (-2.7889901e-10, 0.011, -0.0039155805), (0.0021047585, 0.010788638, -0.0037062494), (-2.7889901e-10, -0.011, -0.0039155805), (0.010788638, -0.0021459935, -0.0039155805), (0.010581337, -0.0021459935, -0.0028632013), (0.004209515, 0.010162675, -0.0039155805), (0.004128633, 0.010162675, -0.0035049624), (0.010162669, -0.004209518, -0.0039155805), (0.009967402, -0.004209518, -0.002924261), (0.0061112726, 0.009146165, -0.0039155805), (0.0059938463, 0.009146165, -0.0033194555), (0.009146165, -0.0061112726, -0.0039155805), (0.0089704245, -0.0061112726, -0.0030234165), (0.0077781724, 0.0077781742, -0.00391558), (0.007628719, 0.0077781742, -0.0031568573), (0.008449954, -0.0061112726, -0.0021655378), (0.0071860957, -0.0077781742, -0.0024272914), (0.0071860957, 0.0077781742, -0.0024272914), (0.008449954, 0.0061112726, -0.0021655378), (0.005646079, -0.009146165, -0.0027462393), (0.009389087, 0.004209518, -0.0019710371), (0.0038890874, -0.010162675, -0.0031101243), (0.009967402, 0.0021459935, -0.001851264), (0.001982639, -0.010788638, -0.0035049624), (0.010162674, 2.2858904e-11, -0.0018108218), (0.001982639, 0.010788638, -0.0035049624), (0.009967402, -0.0021459935, -0.001851264), (0.0038890874, 0.010162675, -0.0031101243), (0.009389087, -0.004209518, -0.0019710371), (0.005646079, 0.009146165, -0.0027462393), (0.0017843279, 0.010788638, -0.0033194555), (0.0017843279, -0.010788638, -0.0033194555), (0.009146164, 2.2858904e-11, -0.00085994427), (0.0089704245, -0.0021459935, -0.0009186574), (0.003500086, 0.010162675, -0.0027462393), (0.008449955, -0.004209518, -0.0010925411), (0.0050813365, 0.009146165, -0.00221796), (0.0076047573, -0.0061112726, -0.0013749123), (0.0064673154, 0.0077781742, -0.0017549194), (0.0064673154, -0.0077781742, -0.0017549194), (0.0076047573, 0.0061112726, -0.0013749123), (0.0050813365, -0.009146165, -0.00221796), (0.008449955, 0.004209518, -0.0010925411), (0.003500086, -0.010162675, -0.0027462393), (0.0089704245, 0.0021459935, -0.0009186574), (0.0055, 0.0077781742, -0.0011655806), (0.006467314, 0.0061112726, -0.0006819231), (0.0055, -0.0077781742, -0.0011655806), (0.0043213214, -0.009146165, -0.0017549196), (0.0071860957, 0.004209518, -0.000322533), (0.002976578, -0.010162675, -0.0024272914), (0.007628718, 0.0021459935, -0.000101221165), (0.0015174459, -0.010788638, -0.0031568573), (0.0077781724, 2.2858904e-11, -0.000026493472), (0.0015174459, 0.010788638, -0.0031568573), (0.007628718, -0.0021459935, -0.000101221165), (0.002976578, 0.010162675, -0.0024272914), (0.0071860957, -0.004209518, -0.000322533), (0.0043213214, 0.009146165, -0.0017549196), (0.006467314, -0.0061112726, -0.0006819231), (0.00611127, 2.2858904e-11, 0.000657502), (0.005993845, -0.0021459935, 0.0005696317), (0.0011922495, 0.010788638, -0.0030234165), (0.0023386823, 0.010162675, -0.0021655376), (0.00564608, -0.004209518, 0.0003093964), (0.00339524, 0.009146165, -0.0013749121), (0.005081336, -0.0061112726, -0.0001132017), (0.0043213223, 0.0077781742, -0.0006819229), (0.0043213223, -0.0077781742, -0.0006819229), (0.005081336, 0.0061112726, -0.0001132017), (0.00339524, -0.009146165, -0.0013749121), (0.00564608, 0.004209518, 0.0003093964), (0.0023386823, -0.010162675, -0.0021655376), (0.005993845, 0.0021459935, 0.0005696317), (0.0011922495, -0.010788638, -0.0030234165), (0.0029765784, -0.0077781742, -0.00032253275), (0.0023386818, -0.009146165, -0.0010925411), (0.0035000842, 0.0061112726, 0.0003093964), (0.0038890874, 0.004209518, 0.00077896274), (0.001610912, -0.010162675, -0.0019710371), (0.0041286317, 0.0021459935, 0.0010681198), (0.00082123565, -0.010788638, -0.0029242611), (0.004209515, 2.2858904e-11, 0.0011657559), (0.00082123565, 0.010788638, -0.0029242611), (0.0041286317, -0.0021459935, 0.0010681198), (0.001610912, 0.010162675, -0.0019710371), (0.0038890874, -0.004209518, 0.00077896274), (0.0023386818, 0.009146165, -0.0010925411), (0.0035000842, -0.0061112726, 0.0003093964), (0.0029765784, 0.0077781742, -0.00032253275), (0.0021047574, -0.0021459935, 0.0013750874), (0.0019826395, -0.004209518, 0.0010681198), (0.00082123565, 0.010162675, -0.0018512643), (0.0011922491, 0.009146165, -0.00091865787), (0.0017843269, -0.0061112726, 0.00056963076), (0.0015174464, 0.0077781742, -0.000101221165), (0.0015174464, -0.0077781742, -0.000101221165), (0.0017843269, 0.0061112726, 0.00056963076), (0.0011922491, -0.009146165, -0.00091865787), (0.0019826395, 0.004209518, 0.0010681198), (0.00082123565, -0.010162675, -0.0018512643), (0.0021047574, 0.0021459935, 0.0013750874), (0.00041866206, -0.010788638, -0.0028632015), (0.0021459912, 2.2858904e-11, 0.0014787371), (0.00041866206, 0.010788638, -0.0028632015), (-8.525939e-10, -0.009146165, -0.00085994496), (-5.247681e-10, -0.010162675, -0.0018108218), (2.1283919e-10, 0.004209518, 0.0011657564), (-1.2623754e-9, 0.0021459935, 0.0014787376), (-4.0183357e-10, -0.010788638, -0.0028425842), (-2.0819395e-9, 2.2858904e-11, 0.0015844175), (-4.0183357e-10, 0.010788638, -0.0028425842), (-1.2623754e-9, -0.0021459935, 0.0014787376), (-5.247681e-10, 0.010162675, -0.0018108218), (2.1283919e-10, -0.004209518, 0.0011657564), (-8.525939e-10, 0.009146165, -0.00085994496), (-1.2623754e-9, -0.0061112726, 0.00065750105), (-1.1498613e-10, 0.0077781742, -0.000026493704), (-1.1498613e-10, -0.0077781742, -0.000026493704), (-1.2623754e-9, 0.0061112726, 0.00065750105), (-0.0008212366, 0.010162675, -0.0018512643), (-0.0011922508, 0.009146165, -0.0009186581), (-0.001982639, -0.004209518, 0.0010681198), (-0.0017843294, -0.0061112726, 0.0005696303), (-0.0015174466, 0.0077781742, -0.00010122163), (-0.0015174466, -0.0077781742, -0.00010122163), (-0.0017843294, 0.0061112726, 0.0005696303), (-0.0011922508, -0.009146165, -0.0009186581), (-0.001982639, 0.004209518, 0.0010681198), (-0.0008212366, -0.010162675, -0.0018512643), (-0.0021047597, 0.0021459935, 0.001375087), (-0.00041866285, -0.010788638, -0.0028632015), (-0.002145995, 2.2858904e-11, 0.0014787362), (-0.00041866285, 0.010788638, -0.0028632015), (-0.0021047597, -0.0021459935, 0.001375087), (-0.0038890864, 0.004209518, 0.00077896274), (-0.004128633, 0.0021459935, 0.0010681193), (-0.0016109131, -0.010162675, -0.0019710371), (-0.00082123623, -0.010788638, -0.0029242611), (-0.004209518, 2.2858904e-11, 0.0011657545), (-0.00082123623, 0.010788638, -0.0029242611), (-0.004128633, -0.0021459935, 0.0010681193), (-0.0016109131, 0.010162675, -0.0019710371), (-0.0038890864, -0.004209518, 0.00077896274), (-0.002338683, 0.009146165, -0.0010925416), (-0.0035000865, -0.0061112726, 0.00030939546), (-0.0029765782, 0.0077781742, -0.000322533), (-0.0029765782, -0.0077781742, -0.000322533), (-0.0035000865, 0.0061112726, 0.00030939546), (-0.002338683, -0.009146165, -0.0010925416), (-0.0056460784, -0.004209518, 0.0003093964), (-0.0050813365, -0.0061112726, -0.00011320263), (-0.003395241, 0.009146165, -0.001374913), (-0.0043213214, 0.0077781742, -0.0006819231), (-0.0043213214, -0.0077781742, -0.0006819231), (-0.0050813365, 0.0061112726, -0.00011320263), (-0.003395241, -0.009146165, -0.001374913), (-0.0056460784, 0.004209518, 0.0003093964), (-0.002338683, -0.010162675, -0.0021655378), (-0.0059938454, 0.0021459935, 0.0005696303), (-0.00119225, -0.010788638, -0.0030234167), (-0.006111272, 2.2858904e-11, 0.00065749965), (-0.00119225, 0.010788638, -0.0030234167), (-0.0059938454, -0.0021459935, 0.0005696303), (-0.002338683, 0.010162675, -0.0021655378), (-0.0029765784, -0.010162675, -0.0024272918), (-0.0015174462, -0.010788638, -0.0031568578), (-0.007628718, 0.0021459935, -0.0001012221), (-0.0077781733, 2.2858904e-11, -0.000026496265), (-0.0015174462, 0.010788638, -0.0031568578), (-0.007628718, -0.0021459935, -0.0001012221), (-0.0029765784, 0.010162675, -0.0024272918), (-0.0071860948, -0.004209518, -0.000322533), (-0.0043213214, 0.009146165, -0.0017549206), (-0.006467314, -0.0061112726, -0.00068192405), (-0.0054999995, 0.0077781742, -0.0011655808), (-0.0054999995, -0.0077781742, -0.0011655808), (-0.006467314, 0.0061112726, -0.00068192405), (-0.0043213214, -0.009146165, -0.0017549206), (-0.0071860948, 0.004209518, -0.000322533), (-0.0050813365, 0.009146165, -0.0022179612), (-0.006467315, 0.0077781742, -0.0017549199), (-0.007604757, -0.0061112726, -0.001374913), (-0.006467315, -0.0077781742, -0.0017549199), (-0.007604757, 0.0061112726, -0.001374913), (-0.0050813365, -0.009146165, -0.0022179612), (-0.008449953, 0.004209518, -0.0010925411), (-0.003500086, -0.010162675, -0.0027462398), (-0.008970423, 0.0021459935, -0.0009186588), (-0.0017843279, -0.010788638, -0.0033194558), (-0.009146163, 2.2858904e-11, -0.0008599473), (-0.0017843279, 0.010788638, -0.0033194558), (-0.008970423, -0.0021459935, -0.0009186588), (-0.003500086, 0.010162675, -0.0027462398), (-0.008449953, -0.004209518, -0.0010925411), (-0.0099674, 0.0021459935, -0.0018512654), (-0.01016267, 2.2858904e-11, -0.0018108244), (-0.0019826386, 0.010788638, -0.003504963), (-0.0019826386, -0.010788638, -0.003504963), (-0.0099674, -0.0021459935, -0.0018512654), (-0.003889087, 0.010162675, -0.0031101247), (-0.009389085, -0.004209518, -0.0019710371), (-0.005646078, 0.009146165, -0.0027462402), (-0.008449952, -0.0061112726, -0.0021655387), (-0.007186095, 0.0077781742, -0.0024272916), (-0.007186095, -0.0077781742, -0.0024272916), (-0.008449952, 0.0061112726, -0.0021655387), (-0.005646078, -0.009146165, -0.0027462402), (-0.009389085, 0.004209518, -0.0019710371), (-0.003889087, -0.010162675, -0.0031101247), (-0.008970422, -0.0061112726, -0.0030234172), (-0.007628718, -0.0077781742, -0.0031568576), (-0.007628718, 0.0077781742, -0.0031568576), (-0.008970422, 0.0061112726, -0.0030234172), (-0.0059938435, -0.009146165, -0.0033194562), (-0.0099674, 0.004209518, -0.002924261), (-0.004128632, -0.010162675, -0.003504963), (-0.010581334, 0.0021459935, -0.0028632022), (-0.0021047578, -0.010788638, -0.0037062494), (-0.010788633, 2.2858904e-11, -0.0028425863), (-0.0021047578, 0.010788638, -0.0037062494), (-0.010581334, -0.0021459935, -0.0028632022), (-0.004128632, 0.010162675, -0.003504963), (-0.0099674, -0.004209518, -0.002924261), (-0.0059938435, 0.009146165, -0.0033194562), (-0.0021459924, -0.010788638, -0.0039155805), (-0.0109999925, 2.2858904e-11, -0.0039155823), (-0.010788634, -0.0021459935, -0.0039155814), (-0.0021459924, 0.010788638, -0.0039155805), (-0.0042095166, 0.010162675, -0.003915581), (-0.010162672, -0.004209518, -0.0039155805), (-0.0061112694, 0.009146165, -0.003915581), (-0.009146162, -0.0061112726, -0.0039155814), (-0.0077781733, 0.0077781742, -0.0039155805), (-0.0077781733, -0.0077781742, -0.0039155805), (-0.009146162, 0.0061112726, -0.0039155814), (-0.0061112694, -0.009146165, -0.003915581), (-0.010162672, 0.004209518, -0.0039155805), (-0.0042095166, -0.010162675, -0.003915581), (-0.010788634, 0.0021459935, -0.0039155814), (-0.0076287175, -0.0077781742, -0.004674304), (-0.005993843, -0.009146165, -0.004511706), (-0.008970421, 0.0061112726, -0.004807745), (-0.009967399, 0.004209518, -0.0049068998), (-0.004128632, -0.010162675, -0.0043261987), (-0.010581333, 0.0021459935, -0.0049679605), (-0.0021047576, -0.010788638, -0.004124912), (-0.01078863, 2.2858904e-11, -0.0049885786), (-0.0021047576, 0.010788638, -0.004124912), (-0.010581333, -0.0021459935, -0.0049679605), (-0.004128632, 0.010162675, -0.0043261987), (-0.009967399, -0.004209518, -0.0049068998), (-0.005993843, 0.009146165, -0.004511706), (-0.008970421, -0.0061112726, -0.004807745), (-0.0076287175, 0.0077781742, -0.004674304), (-0.0019826384, 0.010788638, -0.0043261983), (-0.0038890864, 0.010162675, -0.004721037), (-0.009967397, -0.0021459935, -0.005979897), (-0.009389084, -0.004209518, -0.0058601233), (-0.0056460756, 0.009146165, -0.005084922), (-0.008449951, -0.0061112726, -0.0056656236), (-0.0071860948, 0.0077781742, -0.00540387), (-0.0071860948, -0.0077781742, -0.00540387), (-0.008449951, 0.0061112726, -0.0056656236), (-0.0056460756, -0.009146165, -0.005084922), (-0.009389084, 0.004209518, -0.0058601233), (-0.0038890864, -0.010162675, -0.004721037), (-0.009967397, 0.0021459935, -0.005979897), (-0.0019826384, -0.010788638, -0.0043261983), (-0.0101626655, 2.2858904e-11, -0.0060203397), (-0.0076047545, 0.0061112726, -0.0064562485), (-0.008449952, 0.004209518, -0.006738619), (-0.005081333, -0.009146165, -0.005613201), (-0.003500085, -0.010162675, -0.005084922), (-0.00897042, 0.0021459935, -0.0069125034), (-0.0017843274, -0.010788638, -0.004511705), (-0.009146157, 2.2858904e-11, -0.0069712163), (-0.0017843274, 0.010788638, -0.004511705), (-0.00897042, -0.0021459935, -0.0069125034), (-0.003500085, 0.010162675, -0.005084922), (-0.008449952, -0.004209518, -0.006738619), (-0.005081333, 0.009146165, -0.005613201), (-0.0076047545, -0.0061112726, -0.0064562485), (-0.006467314, 0.0077781742, -0.0060762414), (-0.006467314, -0.0077781742, -0.0060762414), (-0.0076287147, -0.0021459935, -0.007729939), (-0.007186094, -0.004209518, -0.007508627), (-0.0029765775, 0.010162675, -0.00540387), (-0.004321318, 0.009146165, -0.006076241), (-0.0064673116, -0.0061112726, -0.007149237), (-0.0054999986, 0.0077781742, -0.00666558), (-0.0054999986, -0.0077781742, -0.00666558), (-0.0064673116, 0.0061112726, -0.007149237), (-0.004321318, -0.009146165, -0.006076241), (-0.007186094, 0.004209518, -0.007508627), (-0.0029765775, -0.010162675, -0.00540387), (-0.0076287147, 0.0021459935, -0.007729939), (-0.0015174457, -0.010788638, -0.0046743033), (-0.0077781654, 2.2858904e-11, -0.007804666), (-0.0015174457, 0.010788638, -0.0046743033), (-0.0033952375, -0.009146165, -0.006456248), (-0.0023386818, -0.010162675, -0.005665623), (-0.005646078, 0.004209518, -0.0081405565), (-0.0059938417, 0.0021459935, -0.008400791), (-0.0011922494, -0.010788638, -0.004807744), (-0.0061112633, 2.2858904e-11, -0.008488661), (-0.0011922494, 0.010788638, -0.004807744), (-0.0059938417, -0.0021459935, -0.008400791), (-0.0023386818, 0.010162675, -0.005665623), (-0.005646078, -0.004209518, -0.0081405565), (-0.0033952375, 0.009146165, -0.006456248), (-0.0050813337, -0.0061112726, -0.0077179587), (-0.004321321, 0.0077781742, -0.0071492377), (-0.004321321, -0.0077781742, -0.0071492377), (-0.0050813337, 0.0061112726, -0.0077179587), (-0.0016109119, 0.010162675, -0.005860124), (-0.0023386797, 0.009146165, -0.0067386185), (-0.0038890862, -0.004209518, -0.008610123), (-0.0035000828, -0.0061112726, -0.0081405565), (-0.0029765777, 0.0077781742, -0.007508628), (-0.0029765777, -0.0077781742, -0.007508628), (-0.0035000828, 0.0061112726, -0.0081405565), (-0.0023386797, -0.009146165, -0.0067386185), (-0.0038890862, 0.004209518, -0.008610123), (-0.0016109119, -0.010162675, -0.005860124), (-0.004128629, 0.0021459935, -0.00889928), (-0.00082123553, -0.010788638, -0.0049068998), (-0.0042095096, 2.2858904e-11, -0.008996914), (-0.00082123553, 0.010788638, -0.0049068998), (-0.004128629, -0.0021459935, -0.00889928), (-0.001982639, 0.004209518, -0.00889928), (-0.0021047555, 0.0021459935, -0.0092062475), (-0.00082123553, -0.010162675, -0.005979896), (-0.00041866227, -0.010788638, -0.004967959), (-0.002145987, 2.2858904e-11, -0.009309895), (-0.00041866227, 0.010788638, -0.004967959), (-0.0021047555, -0.0021459935, -0.0092062475), (-0.00082123553, 0.010162675, -0.005979896), (-0.001982639, -0.004209518, -0.00889928), (-0.001192248, 0.009146165, -0.0069125015), (-0.0017843262, -0.0061112726, -0.00840079), (-0.0015174462, 0.0077781742, -0.007729939), (-0.0015174462, -0.0077781742, -0.007729939), (-0.0017843262, 0.0061112726, -0.00840079), (-0.001192248, -0.009146165, -0.0069125015), (-1.1498613e-10, -0.004209518, -0.008996916), (1.5241414e-9, -0.0061112726, -0.008488661), (1.3602289e-9, 0.009146165, -0.0069712144), (4.8926748e-11, 0.0077781742, -0.0078046666), (4.8926748e-11, -0.0077781742, -0.0078046666), (1.5241414e-9, 0.0061112726, -0.008488661), (1.3602289e-9, -0.009146165, -0.0069712144), (-1.1498613e-10, 0.004209518, -0.008996916), (2.9479585e-10, -0.010162675, -0.0060203383), (2.671531e-9, 0.0021459935, -0.009309897), (-7.40078e-11, -0.010788638, -0.0049885763), (4.638484e-9, 2.2858904e-11, -0.009415575), (-7.40078e-11, 0.010788638, -0.0049885763), (2.671531e-9, -0.0021459935, -0.009309897), (2.9479585e-10, 0.010162675, -0.0060203383), (0.0008212361, -0.010162675, -0.005979896), (0.0004186621, -0.010788638, -0.004967959), (0.0021047606, 0.0021459935, -0.009206247), (0.002145996, 2.2858904e-11, -0.009309894), (0.0004186621, 0.010788638, -0.004967959), (0.0021047606, -0.0021459935, -0.009206247), (0.0008212361, 0.010162675, -0.005979896), (0.0019826386, -0.004209518, -0.008899279), (0.0011922504, 0.009146165, -0.006912501), (0.001784329, -0.0061112726, -0.00840079), (0.0015174462, 0.0077781742, -0.007729939), (0.0015174462, -0.0077781742, -0.007729939), (0.001784329, 0.0061112726, -0.00840079), (0.0011922504, -0.009146165, -0.006912501), (0.0019826386, 0.004209518, -0.008899279), (0.0035000856, -0.0061112726, -0.008140556), (0.0029765777, -0.0077781742, -0.0075086276), (0.0029765777, 0.0077781742, -0.0075086276), (0.0035000856, 0.0061112726, -0.008140556), (0.002338682, -0.009146165, -0.0067386176), (0.0038890853, 0.004209518, -0.008610122), (0.001610912, -0.010162675, -0.0058601233), (0.0041286335, 0.0021459935, -0.008899278), (0.0008212353, -0.010788638, -0.0049068993), (0.0042095184, 2.2858904e-11, -0.008996912), (0.0008212353, 0.010788638, -0.0049068993), (0.0041286335, -0.0021459935, -0.008899278), (0.001610912, 0.010162675, -0.0058601233), (0.0038890853, -0.004209518, -0.008610122), (0.002338682, 0.009146165, -0.0067386176), (0.0011922489, 0.010788638, -0.0048077437), (0.0011922489, -0.010788638, -0.0048077437), (0.0061112707, 2.2858904e-11, -0.008488657), (0.0059938454, -0.0021459935, -0.008400789), (0.0023386818, 0.010162675, -0.0056656227), (0.005646077, -0.004209518, -0.0081405565), (0.0033952394, 0.009146165, -0.006456246), (0.005081336, -0.0061112726, -0.007717957), (0.0043213214, 0.0077781742, -0.007149237), (0.0043213214, -0.0077781742, -0.007149237), (0.005081336, 0.0061112726, -0.007717957), (0.0033952394, -0.009146165, -0.006456246), (0.005646077, 0.004209518, -0.0081405565), (0.0023386818, -0.010162675, -0.0056656227), (0.0059938454, 0.0021459935, -0.008400789), (0.0054999986, 0.0077781742, -0.0066655795), (0.006467313, 0.0061112726, -0.0071492353), (0.0054999986, -0.0077781742, -0.0066655795), (0.0043213195, -0.009146165, -0.0060762386), (0.0071860924, 0.004209518, -0.0075086267), (0.002976577, -0.010162675, -0.005403869), (0.007628717, 0.0021459935, -0.007729937), (0.001517445, -0.010788638, -0.004674303), (0.00777817, 2.2858904e-11, -0.007804662), (0.001517445, 0.010788638, -0.004674303), (0.007628717, -0.0021459935, -0.007729937), (0.002976577, 0.010162675, -0.005403869), (0.0071860924, -0.004209518, -0.0075086267), (0.0043213195, 0.009146165, -0.0060762386), (0.006467313, -0.0061112726, -0.0071492353), (0.009146159, 2.2858904e-11, -0.006971211), (0.008970421, -0.0021459935, -0.0069125006), (0.0017843264, 0.010788638, -0.004511705), (0.0035000842, 0.010162675, -0.005084921), (0.008449951, -0.004209518, -0.006738619), (0.0050813337, 0.009146165, -0.0056131985), (0.0076047545, -0.0061112726, -0.0064562466), (0.006467314, 0.0077781742, -0.006076241), (0.006467314, -0.0077781742, -0.006076241), (0.0076047545, 0.0061112726, -0.0064562466), (0.0050813337, -0.009146165, -0.0056131985), (0.008449951, 0.004209518, -0.006738619), (0.0035000842, -0.010162675, -0.005084921), (0.008970421, 0.0021459935, -0.0069125006), (0.0017843264, -0.010788638, -0.004511705), (0.0071860948, -0.0077781742, -0.0054038693), (0.0056460747, -0.009146165, -0.0050849197), (0.00844995, 0.0061112726, -0.0056656213), (0.009389083, 0.004209518, -0.0058601233), (0.0038890853, -0.010162675, -0.004721036), (0.009967397, 0.0021459935, -0.005979894), (0.0019826372, -0.010788638, -0.0043261983), (0.010162665, 2.2858904e-11, -0.0060203345), (0.0019826372, 0.010788638, -0.0043261983), (0.009967397, -0.0021459935, -0.005979894), (0.0038890853, 0.010162675, -0.004721036), (0.009389083, -0.004209518, -0.0058601233), (0.0056460747, 0.009146165, -0.0050849197), (0.00844995, -0.0061112726, -0.0056656213), (0.0071860948, 0.0077781742, -0.0054038693), (0.0021047562, 0.010788638, -0.0041249115), (0.004128631, 0.010162675, -0.0043261983), (0.010581331, -0.0021459935, -0.0049679577), (0.009967397, -0.004209518, -0.0049068998), (0.00599384, 0.009146165, -0.0045117037), (0.008970418, -0.0061112726, -0.004807743), (0.0076287175, 0.0077781742, -0.0046743033), (0.0076287175, -0.0077781742, -0.0046743033), (0.008970418, 0.0061112726, -0.004807743), (0.00599384, -0.009146165, -0.0045117037), (0.009967397, 0.004209518, -0.0049068998), (0.004128631, -0.010162675, -0.0043261983), (0.010581331, 0.0021459935, -0.0049679577), (0.0021047562, -0.010788638, -0.0041249115), (0.010788626, 2.2858904e-11, -0.0049885735), (0.008000001, 3.5069433e-10, -0.003915583), (0.008000001, -3.0497652e-10, 0.011084418), (0.007846283, -0.0015607232, 0.011084418), (0.007846283, -0.0015607225, -0.003915583), (0.0073910365, -0.0030614682, 0.011084418), (0.0073910365, -0.0030614678, -0.003915583), (0.0066517573, -0.004444563, 0.011084418), (0.0066517573, -0.004444562, -0.003915583), (0.0056568547, -0.005656855, 0.011084418), (0.0056568547, -0.005656854, -0.003915583), (0.004444563, -0.0066517578, 0.011084418), (0.004444563, -0.006651757, -0.003915583), (0.003061468, -0.0073910374, 0.011084418), (0.003061468, -0.007391036, -0.003915583), (0.0015607226, -0.007846284, 0.011084417), (0.0015607226, -0.007846282, -0.0039155832), (-7.517309e-11, -0.008000001, 0.011084417), (-7.517309e-11, -0.008, -0.0039155832), (-0.0015607231, -0.007846284, 0.011084417), (-0.0015607231, -0.007846282, -0.0039155832), (-0.003061468, -0.0073910374, 0.011084418), (-0.003061468, -0.007391036, -0.003915583), (-0.004444562, -0.0066517578, 0.011084418), (-0.004444562, -0.006651757, -0.003915583), (-0.0056568547, -0.005656855, 0.011084418), (-0.0056568547, -0.005656854, -0.003915583), (-0.0066517573, -0.004444563, 0.011084418), (-0.0066517573, -0.004444562, -0.003915583), (-0.0073910365, -0.0030614682, 0.011084418), (-0.0073910365, -0.0030614678, -0.003915583), (-0.007846283, -0.0015607232, 0.011084418), (-0.007846283, -0.0015607225, -0.003915583), (-0.008000001, -3.0497652e-10, 0.011084418), (-0.008000001, 3.5069433e-10, -0.003915583), (-0.007846283, 0.0015607225, 0.011084418), (-0.007846283, 0.0015607232, -0.003915583), (-0.0073910365, 0.0030614678, 0.011084418), (-0.0073910365, 0.0030614682, -0.003915583), (-0.0066517573, 0.004444562, 0.011084418), (-0.0066517573, 0.004444563, -0.003915583), (-0.0056568547, 0.005656854, 0.011084418), (-0.0056568547, 0.005656855, -0.003915583), (-0.004444562, 0.006651757, 0.011084418), (-0.004444562, 0.0066517578, -0.003915583), (-0.003061468, 0.007391036, 0.011084418), (-0.003061468, 0.0073910374, -0.003915583), (-0.0015607231, 0.007846282, 0.011084418), (-0.0015607231, 0.007846284, -0.003915582), (-7.517309e-11, 0.008, 0.011084418), (-7.517309e-11, 0.008000001, -0.003915582), (0.0015607226, 0.007846282, 0.011084418), (0.0015607226, 0.007846284, -0.003915582), (0.003061468, 0.007391036, 0.011084418), (0.003061468, 0.0073910374, -0.003915583), (0.004444563, 0.006651757, 0.011084418), (0.004444563, 0.0066517578, -0.003915583), (0.0056568547, 0.005656854, 0.011084418), (0.0056568547, 0.005656855, -0.003915583), (0.0066517573, 0.004444562, 0.011084418), (0.0066517573, 0.004444563, -0.003915583), (0.0073910365, 0.0030614678, 0.011084418), (0.0073910365, 0.0030614682, -0.003915583), (0.007846283, 0.0015607225, 0.011084418), (0.007846283, 0.0015607232, -0.003915583)]
}

